project_id,timestamp,active_users,business_type,deposits,gmv,market_cap_circulating,market_cap_fully_diluted,pe_circulating,pe_fully_diluted,price,project,ps_circulating,ps_fully_diluted,revenue_protocol,revenue_supply_side,revenue_total,token_incentives,token_trading_volume,tokenholders,treasury,tvl,volmc_circulating,volmc_fully_diluted
basket-dao,2022-06-26T00:00:00.000Z,,,,,,,,,,Basket DAO,,,,,,,,987.0,33.88523080715237,748388.2827133944,,
basket-dao,2022-06-25T00:00:00.000Z,,,,,,,,,,Basket DAO,,,,,,,,987.0,26680.80828688785,760857.244891856,,
basket-dao,2022-06-24T00:00:00.000Z,,,,,,,,,,Basket DAO,,,,,,,,987.0,26681.34508946196,760570.880547194,,
basket-dao,2022-06-23T00:00:00.000Z,,,,,,,,,,Basket DAO,,,,,,,,987.0,24730.6469871146,736369.4380531057,,
basket-dao,2022-06-22T00:00:00.000Z,,,,,,,,,,Basket DAO,,,,,,,,987.0,20579.308678474208,655657.499566438,,
basket-dao,2022-06-21T00:00:00.000Z,,,,,,,,,,Basket DAO,,,,,,,,987.0,20578.316763774154,655996.8413148625,,
basket-dao,2022-06-20T00:00:00.000Z,,,,,,,,,,Basket DAO,,,,,,,,987.0,21448.708914916984,659179.9445940582,,
basket-dao,2022-06-19T00:00:00.000Z,,,,,,,,,,Basket DAO,,,,,,,,987.0,15773.506316050694,573105.9620571444,,
basket-dao,2022-06-18T00:00:00.000Z,,,,,,,,,,Basket DAO,,,,,,,,987.0,15775.31043554364,951068.608226872,,
basket-dao,2022-06-17T00:00:00.000Z,,,,,,,,,,Basket DAO,,,,,,,,987.0,20.541421154708964,951387.6181068255,,
basket-dao,2022-06-16T00:00:00.000Z,,,,,,,,,,Basket DAO,,,,,,,,987.0,22.522437484462944,951101.2537621635,,
basket-dao,2022-06-15T00:00:00.000Z,,,,,,,,,,Basket DAO,,,,,,,,987.0,20.955120004010375,950373.3155980328,,
basket-dao,2022-06-14T00:00:00.000Z,,,,,35698.20461668796,58699.39310932252,,,0.5869939310932252,Basket DAO,,,,,,,0.0,987.0,53595.54552480196,951673.9824514874,0.0,0.0
basket-dao,2022-06-13T00:00:00.000Z,,,,,38273.11980270718,62933.38639694712,,,0.6293338639694712,Basket DAO,,,,,,,1.9909098655728545,987.0,54875.859972168786,952246.7111408114,5.201848910764863e-05,3.163519364769847e-05
basket-dao,2022-06-12T00:00:00.000Z,,,,,38273.11980270718,62933.38639694712,,,0.6293338639694712,Basket DAO,,,,,,,1.9909098655728545,987.0,18987.452114541433,951673.9824514874,5.201848910764863e-05,3.163519364769847e-05
basket-dao,2022-06-11T00:00:00.000Z,,,,,,,,,,Basket DAO,,,,,,,,987.0,29.335749641845826,989833.9824514874,,
basket-dao,2022-06-10T00:00:00.000Z,,,,,,,,,,Basket DAO,,,,,,,,987.0,31.386226349822255,989547.6181068255,,
basket-dao,2022-06-09T00:00:00.000Z,,,,,,,,,,Basket DAO,,,,,,,,987.0,31.652189780014375,989547.6181068255,,
basket-dao,2022-06-08T00:00:00.000Z,,,,,,,,,,Basket DAO,,,,,,,,987.0,31.84658600970497,989053.9259766282,,
basket-dao,2022-06-07T00:00:00.000Z,,,,,,,,,,Basket DAO,,,,,,,,987.0,32.05856750364018,989261.2537621635,,
basket-dao,2022-06-06T00:00:00.000Z,,,,,,,,,,Basket DAO,,,,,,,,987.0,35920.68531989039,990120.3467961494,,
basket-dao,2022-06-05T00:00:00.000Z,,,,,,,,,,Basket DAO,,,,,,,,987.0,35921.69535157419,989261.2537621635,,
basket-dao,2022-06-04T00:00:00.000Z,,,,,,,,,,Basket DAO,,,,,,,,987.0,35911.558256562035,988619.26369858,,
basket-dao,2022-06-03T00:00:00.000Z,,,,,50249.30653470753,82626.1104563445,,,0.8262611045634449,Basket DAO,,,,,,,0.0,987.0,61492.42548942571,1009649.6212232405,0.0,0.0
basket-dao,2022-06-02T00:00:00.000Z,,,,,50249.30653470753,82626.1104563445,,,0.8262611045634449,Basket DAO,,,,,,,0.0,987.0,61490.10015881245,1102309.2412130134,0.0,0.0
basket-dao,2022-06-01T00:00:00.000Z,,,,,50729.31094307289,83329.60510223266,,,0.8332960510223266,Basket DAO,,,,,,,510.88317154170886,987.0,25141.42838643651,1101736.5125236893,0.010070768990239364,0.006130872346207971
basket-dao,2022-05-31T00:00:00.000Z,,,,,50729.31094307289,83329.60510223266,,,0.8332960510223266,Basket DAO,,,,,,,510.88317154170886,987.0,25143.691071510406,1101450.1481790275,0.010070768990239364,0.006130872346207971
basket-dao,2022-05-30T00:00:00.000Z,,,,,,,,,,Basket DAO,,,,,,,,986.0,30.790308403843312,1101736.5125236893,,
basket-dao,2022-05-29T00:00:00.000Z,,,,,,,,,,Basket DAO,,,,,,,,986.0,29.152009992385295,1101736.5125236893,,
basket-dao,2022-05-28T00:00:00.000Z,,,,,,,,,,Basket DAO,,,,,,,,986.0,29.08006069447065,1101736.5125236893,,
basket-dao,2022-05-27T00:00:00.000Z,,,,,,,,,,Basket DAO,,,,,,,,986.0,28.06873743952278,1102022.8768683514,,
basket-dao,2022-05-26T00:00:00.000Z,,,,,,,,,,Basket DAO,,,,,,,,986.0,30.30590326413159,1101736.5125236893,,
basket-dao,2022-05-25T00:00:00.000Z,,,,,,,,,,Basket DAO,,,,,,,,986.0,41257.237560201596,1101450.1481790275,,
basket-dao,2022-05-24T00:00:00.000Z,,,,,,,,,,Basket DAO,,,,,,,,986.0,41818.92541482112,1102022.8768683514,,
basket-dao,2022-05-23T00:00:00.000Z,,,,,,,,,,Basket DAO,,,,,,,,986.0,41417.27647840805,1091762.154382753,,
basket-dao,2022-05-22T00:00:00.000Z,,,,,,,,,,Basket DAO,,,,,,,,986.0,41414.78732387539,1384518.1208599722,,
basket-dao,2022-05-21T00:00:00.000Z,,,,,54785.55684537564,90085.1729802821,,,0.900851729802821,Basket DAO,,,,,,,0.0,986.0,27169.920598563705,1384518.1208599722,0.0,0.0
basket-dao,2022-05-20T00:00:00.000Z,,,,,54826.03469229529,90085.1729802821,,,0.900851729802821,Basket DAO,,,,,,,50.05032364414938,986.0,27170.692674649523,1384804.4852046343,0.0009128933712797391,0.0005555889164480421
basket-dao,2022-05-19T00:00:00.000Z,,,,,54826.03469229529,90085.1729802821,,,0.900851729802821,Basket DAO,,,,,,,50.05032364414938,986.0,27169.941302143878,1384518.1208599722,0.0009128933712797391,0.0005555889164480421
basket-dao,2022-05-18T00:00:00.000Z,,,,,,,,,,Basket DAO,,,,,,,,987.0,34.09181507871915,1384518.1208599722,,
basket-dao,2022-05-17T00:00:00.000Z,,,,,,,,,,Basket DAO,,,,,,,,988.0,32.48462451036505,1384804.4852046343,,
basket-dao,2022-05-16T00:00:00.000Z,,,,,,,,,,Basket DAO,,,,,,,,988.0,35.054793838044326,1384518.1208599722,,
basket-dao,2022-05-15T00:00:00.000Z,,,,,,,,,,Basket DAO,,,,,,,,988.0,31.919676617289223,1384518.1208599722,,
basket-dao,2022-05-14T00:00:00.000Z,,,,,,,,,,Basket DAO,,,,,,,,988.0,31.075616771450687,1384804.4852046343,,
basket-dao,2022-05-13T00:00:00.000Z,,,,,,,,,,Basket DAO,,,,,,,,988.0,28.625234816372835,1384231.7565153104,,
basket-dao,2022-05-12T00:00:00.000Z,,,,,,,,,,Basket DAO,,,,,,,,988.0,28.93259394170761,1383817.3873085845,,
basket-dao,2022-05-11T00:00:00.000Z,,,,,65589.93040973753,107851.05723032569,,,1.0785105723032569,Basket DAO,,,,,,,0.0,988.0,32530.406081443176,1600834.7364131534,0.0,0.0
basket-dao,2022-05-10T00:00:00.000Z,,,,,65522.20598794546,107851.05723032569,,,1.0785105723032569,Basket DAO,,,,,,,208.4195704972342,988.0,32532.7614138517,1681657.5725008175,0.0031808997782458433,0.0019324759149290057
basket-dao,2022-05-09T00:00:00.000Z,,,,,74020.95132046838,121714.38218086277,,,1.2171438218086277,Basket DAO,,,,,,,0.0,987.0,36719.009440897586,1684057.3215116477,0.0,0.0
basket-dao,2022-05-08T00:00:00.000Z,,,,,74020.95132046838,121714.38218086277,,,1.2171438218086277,Basket DAO,,,,,,,0.0,988.0,36719.34318060841,1684343.6877420573,0.0,0.0
basket-dao,2022-05-07T00:00:00.000Z,,,,,74770.69377423421,122946.87877378386,,,1.2294687877378385,Basket DAO,,,,,,,225.02206927783575,988.0,37094.55992172426,1684343.6877420573,0.0030094955378811503,0.0018302381607577462
basket-dao,2022-05-06T00:00:00.000Z,,,,,77783.43598482815,127901.12374819105,,,1.2790112374819105,Basket DAO,,,,,,,11.120446061084698,988.0,38585.79200930643,1683770.9552812385,0.00014296676304263248,8.694564781915748e-05
basket-dao,2022-05-05T00:00:00.000Z,,,,,77783.43598482815,127901.12374819105,,,1.2790112374819105,Basket DAO,,,,,,,11.120446061084698,988.0,38591.34516094791,1684057.3215116477,0.00014296676304263248,8.694564781915748e-05
basket-dao,2022-05-04T00:00:00.000Z,,,,,,,,,,Basket DAO,,,,,,,,987.0,53.74362637370249,1684057.3215116477,,
basket-dao,2022-05-03T00:00:00.000Z,,,,,,,,,,Basket DAO,,,,,,,,987.0,55.30091787420035,1683620.6130102735,,
basket-dao,2022-05-02T00:00:00.000Z,,,,,,,,,,Basket DAO,,,,,,,,987.0,55.549214603266805,1684057.3215116477,,
basket-dao,2022-05-01T00:00:00.000Z,,,,,,,,,,Basket DAO,,,,,,,,987.0,56324.531197464516,1684343.6877420573,,
basket-dao,2022-04-30T00:00:00.000Z,,,,,,,,,,Basket DAO,,,,,,,,987.0,56330.19599429,1683770.9552812385,,
basket-dao,2022-04-29T00:00:00.000Z,,,,,,,,,,Basket DAO,,,,,,,,987.0,56336.48478002987,1787493.9090607648,,
basket-dao,2022-04-28T00:00:00.000Z,,,,,76041.19490797835,125036.31598098448,,,1.2503631598098448,Basket DAO,,,,,,,0.0,986.0,102592.07015653343,1787277.4161905753,0.0,0.0
basket-dao,2022-04-27T00:00:00.000Z,,,,,76603.17318057692,125036.31598098448,,,1.2503631598098448,Basket DAO,,,,,,,2965.50458528379,986.0,102588.04318001009,1787493.9090607648,0.038712555396278374,0.023717146190829742
basket-dao,2022-04-26T00:00:00.000Z,,,,,76603.17318057692,125036.31598098448,,,1.2503631598098448,Basket DAO,,,,,,,2965.50458528379,986.0,107004.18803091424,1935053.5054943291,0.038712555396278374,0.023717146190829742
basket-dao,2022-04-25T00:00:00.000Z,,,,,,,,,,Basket DAO,,,,,,,,987.0,45165.2598092877,1357434.142826452,,
basket-dao,2022-04-24T00:00:00.000Z,,,,,,,,,,Basket DAO,,,,,,,,987.0,45164.42128391837,1888182.4584953217,,
basket-dao,2022-04-23T00:00:00.000Z,,,,,,,,,,Basket DAO,,,,,,,,987.0,64.67012306286144,1888182.4584953217,,
basket-dao,2022-04-22T00:00:00.000Z,,,,,,,,,,Basket DAO,,,,,,,,987.0,70.8661195226329,1888182.4584953217,,
basket-dao,2022-04-21T00:00:00.000Z,,,,,100431.40957980562,165141.7166423129,,,1.6514171664231292,Basket DAO,,,,,,,0.0,987.0,49832.98524048787,1887684.1812544097,0.0,0.0
basket-dao,2022-04-20T00:00:00.000Z,,,,,100538.69963694844,165141.7166423129,,,1.6514171664231292,Basket DAO,,,,,,,96.95394536428458,987.0,49827.18110229308,1887745.1772614866,0.0009643445331438676,0.0005870954192288133
basket-dao,2022-04-19T00:00:00.000Z,,,,,95079.77550385431,156341.89951496467,,,1.5634189951496467,Basket DAO,,,,,,,0.0,987.0,47164.08734922653,1887885.4967143873,0.0,0.0
basket-dao,2022-04-18T00:00:00.000Z,,,,,98930.52632060302,162769.07032722377,,,1.6276907032722379,Basket DAO,,,,,,,697.5422602681803,987.0,153385.4690499174,1887799.8732114949,0.007050829366940423,0.004285471796735534
basket-dao,2022-04-17T00:00:00.000Z,,,,,102140.70869097844,167952.35716458844,,,1.6795235716458845,Basket DAO,,,,,,,0.0,986.0,159371.64105910558,1888182.4584953217,0.0,0.0
basket-dao,2022-04-16T00:00:00.000Z,,,,,102152.50491670046,167952.35716458844,,,1.6795235716458845,Basket DAO,,,,,,,403.1267012743124,988.0,159372.32153593612,1947297.5718847713,0.003946322232656352,0.0024002443792989457
basket-dao,2022-04-15T00:00:00.000Z,,,,,102152.50491670046,167952.35716458844,,,1.6795235716458845,Basket DAO,,,,,,,403.1267012743124,988.0,163381.0584873442,1947297.5718847713,0.003946322232656352,0.0024002443792989457
basket-dao,2022-04-14T00:00:00.000Z,,,,,,,,,,Basket DAO,,,,,,,,988.0,112732.21983182163,1947297.5718847713,,
basket-dao,2022-04-13T00:00:00.000Z,,,,,,,,,,Basket DAO,,,,,,,,988.0,112730.04091736118,2063391.6636683976,,
basket-dao,2022-04-12T00:00:00.000Z,,,,,,,,,,Basket DAO,,,,,,,,988.0,53.99866761306526,2064065.1970423204,,
basket-dao,2022-04-11T00:00:00.000Z,,,,,,,,,,Basket DAO,,,,,,,,988.0,60.09747389577141,2063778.8308119108,,
basket-dao,2022-04-10T00:00:00.000Z,,,,,,,,,,Basket DAO,,,,,,,,988.0,120639.09822613283,2063778.8308119108,,
basket-dao,2022-04-09T00:00:00.000Z,,,,,110293.25478690604,181357.7794614571,,,1.813577794614571,Basket DAO,,,,,,,0.0,988.0,175329.19153984502,2063778.8308119108,0.0,0.0
basket-dao,2022-04-08T00:00:00.000Z,,,,,110232.1008747875,181357.7794614571,,,1.813577794614571,Basket DAO,,,,,,,435.57266749945876,988.0,175333.964030385,2139525.708763538,0.003951414007741948,0.0024017313665445957
basket-dao,2022-04-07T00:00:00.000Z,,,,,110232.1008747875,181357.7794614571,,,1.813577794614571,Basket DAO,,,,,,,435.57266749945876,988.0,54754.51363519787,2139383.9574794853,0.003951414007741948,0.0024017313665445957
basket-dao,2022-04-06T00:00:00.000Z,,,,,,,,,,Basket DAO,,,,,,,,989.0,73.57964600793588,2139946.3807560094,,
basket-dao,2022-04-05T00:00:00.000Z,,,,,,,,,,Basket DAO,,,,,,,,989.0,81.89348002603776,2139946.3807560094,,
basket-dao,2022-04-04T00:00:00.000Z,,,,,,,,,,Basket DAO,,,,,,,,989.0,86.03699561497294,2139310.0749920397,,
basket-dao,2022-04-03T00:00:00.000Z,,,,,,,,,,Basket DAO,,,,,,,,988.0,86.86058448021487,2139647.1280452316,,
basket-dao,2022-04-02T00:00:00.000Z,,,,,,,,,,Basket DAO,,,,,,,,988.0,125835.71260722891,2139567.804599408,,
basket-dao,2022-04-01T00:00:00.000Z,,,,,118670.63106101599,195132.895280834,,,1.95132895280834,Basket DAO,,,,,,,0.0,988.0,184670.7310119887,2139946.3807560094,0.0,0.0
basket-dao,2022-03-31T00:00:00.000Z,,,,,118728.48480554146,195132.895280834,,,1.95132895280834,Basket DAO,,,,,,,491.03394169340737,988.0,182835.28407181846,2112550.3671092726,0.004135771988479795,0.0025164078101066172
basket-dao,2022-03-30T00:00:00.000Z,,,,,118728.48480554146,195132.895280834,,,1.95132895280834,Basket DAO,,,,,,,491.03394169340737,988.0,183412.5521511228,2121038.1224747635,0.004135771988479795,0.0025164078101066172
basket-dao,2022-03-29T00:00:00.000Z,,,,,111885.40127121149,183975.78317826535,,,1.8397578317826535,Basket DAO,,,,,,,0.0,989.0,177570.50238455908,2084383.4274197514,0.0,0.0
basket-dao,2022-03-28T00:00:00.000Z,,,,,111885.40127121149,183975.78317826535,,,1.8397578317826535,Basket DAO,,,,,,,0.0,989.0,177567.51483945586,2084212.1804139668,0.0,0.0
basket-dao,2022-03-27T00:00:00.000Z,,,,,111825.91399393039,183747.51395981727,,,1.8374751395981728,Basket DAO,,,,,,,2942.874929446292,989.0,170498.38643975425,2015271.5584489014,0.02631657389901614,0.016015862560675803
basket-dao,2022-03-26T00:00:00.000Z,,,,,125165.84775601893,205038.08235179016,,,2.0503808235179015,Basket DAO,,,,,,,235.6424837040433,989.0,176919.2909815334,2014844.0596543634,0.0018826420140050687,0.0011492620346484914
basket-dao,2022-03-25T00:00:00.000Z,,,,,123853.51337831705,203655.2299430201,,,2.036552299430201,Basket DAO,,,,,,,0.0,990.0,176504.99399521772,1939486.1713908797,0.0,0.0
basket-dao,2022-03-24T00:00:00.000Z,,,,,122191.15581871604,200865.24236781718,,,2.0086524236781718,Basket DAO,,,,,,,335.98828667324915,991.0,170544.9244281358,1939442.9735336471,0.0027496939890782647,0.0016727049573763465
basket-dao,2022-03-23T00:00:00.000Z,,,,,121876.69807239875,200235.03624055162,,,2.002350362405516,Basket DAO,,,,,,,71.86631868766258,990.0,171648.2234611271,1961358.6671456562,0.0005896641427303161,0.00035890980937684775
basket-dao,2022-03-22T00:00:00.000Z,,,,,117461.13971484685,193144.10036093724,,,1.9314410036093723,Basket DAO,,,,,,,0.0,991.0,153889.39236561692,1739575.9972908366,0.0,0.0
basket-dao,2022-03-21T00:00:00.000Z,,,,,117442.89946779855,193222.69194897203,,,1.9322269194897204,Basket DAO,,,,,,,49.16492830558218,991.0,174634.8734262513,2047650.0043623433,0.00041862835921436544,0.0002544469689852271
basket-dao,2022-03-20T00:00:00.000Z,,,,,117442.89946779855,193222.69194897203,,,1.9322269194897204,Basket DAO,,,,,,,49.16492830558218,991.0,174633.89227736284,2047206.1863772953,0.00041862835921436544,0.0002544469689852271
basket-dao,2022-03-19T00:00:00.000Z,,,,,,,,,,Basket DAO,,,,,,,,990.0,116365.10182684308,1965818.1872256903,,
basket-dao,2022-03-18T00:00:00.000Z,,,,,,,,,,Basket DAO,,,,,,,,990.0,52.414542985286644,1965818.1872256903,,
basket-dao,2022-03-17T00:00:00.000Z,,,,,,,,,,Basket DAO,,,,,,,,990.0,48.98995094979509,1965818.1872256903,,
basket-dao,2022-03-16T00:00:00.000Z,,,,,,,,,,Basket DAO,,,,,,,,990.0,46.05772810408061,1965125.1016052044,,
basket-dao,2022-03-15T00:00:00.000Z,,,,,,,,,,Basket DAO,,,,,,,,990.0,46.522599032667884,1965818.1872256903,,
basket-dao,2022-03-14T00:00:00.000Z,,,,,,,,,,Basket DAO,,,,,,,,989.0,46.49412674333117,1966138.1713533385,,
basket-dao,2022-03-13T00:00:00.000Z,,,,,,,,,,Basket DAO,,,,,,,,989.0,49.73264186311922,1965818.1872256903,,
basket-dao,2022-03-12T00:00:00.000Z,,,,,,,,,,Basket DAO,,,,,,,,987.0,49.31134687673006,1971143.7209973456,,
basket-dao,2022-03-11T00:00:00.000Z,,,,,,,,,,Basket DAO,,,,,,,,986.0,53.56242892128708,1971143.7209973456,,
basket-dao,2022-03-10T00:00:00.000Z,,,,,,,,,,Basket DAO,,,,,,,,986.0,54.444306621094356,1971143.7209973456,,
basket-dao,2022-03-09T00:00:00.000Z,,,,,,,,,,Basket DAO,,,,,,,,986.0,45.49080225252043,1971143.7209973456,,
basket-dao,2022-03-08T00:00:00.000Z,,,,,,,,,,Basket DAO,,,,,,,,986.0,41.75011667791723,1971143.7209973456,,
basket-dao,2022-03-07T00:00:00.000Z,,,,,,,,,,Basket DAO,,,,,,,,986.0,43.12332684850653,1970751.4644925166,,
basket-dao,2022-03-06T00:00:00.000Z,,,,,,,,,,Basket DAO,,,,,,,,986.0,45.72920581489798,1970661.1187523822,,
basket-dao,2022-03-05T00:00:00.000Z,,,,,120162.88483892128,197586.64308324273,,,1.9758664308324274,Basket DAO,,,,,,,0.0,986.0,59629.279298511356,1970642.2696411312,0.0,0.0
basket-dao,2022-03-04T00:00:00.000Z,,,,,120162.88483892128,197586.64308324273,,,1.9758664308324274,Basket DAO,,,,,,,0.0,985.0,59631.03297051251,1969690.7145076273,0.0,0.0
basket-dao,2022-03-03T00:00:00.000Z,,,,,121566.7252385636,199619.82718152736,,,1.9961982718152738,Basket DAO,,,,,,,69.6320901766353,985.0,60246.3734990461,1971468.7056740888,0.000572789059177079,0.00034882351698117787
basket-dao,2022-03-02T00:00:00.000Z,,,,,121566.7252385636,199619.82718152736,,,1.9961982718152738,Basket DAO,,,,,,,69.6320901766353,985.0,60248.37979289138,1971143.7209973456,0.000572789059177079,0.00034882351698117787
basket-dao,2022-03-01T00:00:00.000Z,,,,,113505.81286803877,186640.26388093372,,,1.8664026388093373,Basket DAO,,,,,,,0.0,985.0,168384.3183759052,1971143.7209973456,0.0,0.0
basket-dao,2022-02-28T00:00:00.000Z,,,,,113505.81286803877,186640.26388093372,,,1.8664026388093373,Basket DAO,,,,,,,0.0,985.0,168380.0031744229,2000741.038884247,0.0,0.0
basket-dao,2022-02-27T00:00:00.000Z,,,,,114425.32271796603,187935.30846717843,,,1.8793530846717843,Basket DAO,,,,,,,32.56294890539691,984.0,168997.95792465532,2003381.942219202,0.000284578169691141,0.00017326679680888064
basket-dao,2022-02-26T00:00:00.000Z,,,,,114425.32271796603,187935.30846717843,,,1.8793530846717843,Basket DAO,,,,,,,32.56294890539691,984.0,166609.55355055814,1967207.2280146247,0.000284578169691141,0.00017326679680888064
basket-dao,2022-02-25T00:00:00.000Z,,,,,,,,,,Basket DAO,,,,,,,,985.0,109930.11941524272,2230115.6574942837,,
basket-dao,2022-02-24T00:00:00.000Z,,,,,,,,,,Basket DAO,,,,,,,,985.0,45.75962902916824,2230469.5029372615,,
basket-dao,2022-02-23T00:00:00.000Z,,,,,,,,,,Basket DAO,,,,,,,,985.0,46.20234905637975,2231531.0392661947,,
basket-dao,2022-02-22T00:00:00.000Z,,,,,,,,,,Basket DAO,,,,,,,,985.0,45.57778613042958,2230115.6574942837,,
basket-dao,2022-02-21T00:00:00.000Z,,,,,113450.61980995713,186549.50864413596,,,1.8654950864413595,Basket DAO,,,,,,,0.0,984.0,56305.830928983596,2230115.6574942837,0.0,0.0
basket-dao,2022-02-20T00:00:00.000Z,,,,,113450.61980995713,186549.50864413596,,,1.8654950864413595,Basket DAO,,,,,,,63.320046030644576,984.0,56308.793648300874,2230823.348380239,0.0005581286919076595,0.00033942756799984204
basket-dao,2022-02-19T00:00:00.000Z,,,,,113450.61980995713,186549.50864413596,,,1.8654950864413595,Basket DAO,,,,,,,63.320046030644576,984.0,56308.72475460538,2230469.5029372615,0.0005581286919076595,0.00033942756799984204
basket-dao,2022-02-18T00:00:00.000Z,,,,,,,,,,Basket DAO,,,,,,,,984.0,54.62263740931203,2229950.411672413,,
basket-dao,2022-02-17T00:00:00.000Z,,,,,,,,,,Basket DAO,,,,,,,,984.0,58.074222439577184,2230823.348380239,,
basket-dao,2022-02-16T00:00:00.000Z,,,,,,,,,,Basket DAO,,,,,,,,984.0,127796.56769150206,2230469.5029372615,,
basket-dao,2022-02-15T00:00:00.000Z,,,,,,,,,,Basket DAO,,,,,,,,984.0,127790.97262879214,2230469.5029372615,,
basket-dao,2022-02-14T00:00:00.000Z,,,,,,,,,,Basket DAO,,,,,,,,984.0,139373.5343540073,2400630.961899843,,
basket-dao,2022-02-13T00:00:00.000Z,,,,,,,,,,Basket DAO,,,,,,,,984.0,139377.59312072597,2400277.1164568653,,
basket-dao,2022-02-12T00:00:00.000Z,,,,,,,,,,Basket DAO,,,,,,,,984.0,139377.8938665962,2472800.6176097426,,
basket-dao,2022-02-11T00:00:00.000Z,,,,,127291.04627693536,209307.64571879554,,,2.0930764571879554,Basket DAO,,,,,,,0.0,984.0,63183.80036008145,2472602.8180071176,0.0,0.0
basket-dao,2022-02-10T00:00:00.000Z,,,,,127291.04627693536,209307.64571879554,,,2.0930764571879554,Basket DAO,,,,,,,0.0,984.0,63189.29673401065,2472800.6176097426,0.0,0.0
basket-dao,2022-02-09T00:00:00.000Z,,,,,129286.40829278786,212760.83122182894,,,2.1276083122182894,Basket DAO,,,,,,,233.795162018526,984.0,208482.90782246136,2472800.6176097426,0.0018083506619587025,0.0010988637366939323
basket-dao,2022-02-08T00:00:00.000Z,,,,,130469.8119229768,214534.56444658415,,,2.1453456444658414,Basket DAO,,,,,,,0.0,983.0,209021.41684580763,2472800.6176097426,0.0,0.0
basket-dao,2022-02-07T00:00:00.000Z,,,,,127998.12758073455,210393.81412065943,,,2.1039381412065943,Basket DAO,,,,,,,703.0013033567134,984.0,207770.78283710353,2193193.000163718,0.005492278025030458,0.003341359185368192
basket-dao,2022-02-06T00:00:00.000Z,,,,,129191.59028896513,212432.75470625286,,,2.1243275470625287,Basket DAO,,,,,,,212.23093557238445,984.0,64131.36344554285,2193193.000163718,0.0016427612284799942,0.0009990499622614813
basket-dao,2022-02-05T00:00:00.000Z,,,,,129191.59028896513,212432.75470625286,,,2.1243275470625287,Basket DAO,,,,,,,212.23093557238445,986.0,189351.96598731188,2193193.000163718,0.0016427612284799942,0.0009990499622614813
basket-dao,2022-02-04T00:00:00.000Z,,,,,,,,,,Basket DAO,,,,,,,,985.0,125284.34086340595,2193193.000163718,,
basket-dao,2022-02-03T00:00:00.000Z,,,,,,,,,,Basket DAO,,,,,,,,984.0,125287.7807284962,2145255.2302643685,,
basket-dao,2022-02-02T00:00:00.000Z,,,,,,,,,,Basket DAO,,,,,,,,984.0,64.23213216808274,2145255.2302643685,,
basket-dao,2022-02-01T00:00:00.000Z,,,,,,,,,,Basket DAO,,,,,,,,984.0,122024.938890038,2145255.2302643685,,
basket-dao,2022-01-31T00:00:00.000Z,,,,,,,,,,Basket DAO,,,,,,,,984.0,122018.91591969602,2145255.2302643685,,
basket-dao,2022-01-30T00:00:00.000Z,,,,,105965.3968311764,174241.3813626596,,,1.7424138136265959,Basket DAO,,,,,,,0.0,984.0,177420.89497727685,2212449.1259187935,0.0,0.0
basket-dao,2022-01-29T00:00:00.000Z,,,,,105965.3968311764,174241.3813626596,,,1.7424138136265959,Basket DAO,,,,,,,0.0,984.0,171769.9797311333,2129616.2377668726,0.0,0.0
basket-dao,2022-01-28T00:00:00.000Z,,,,,,,,,,Basket DAO,,,,,,,,984.0,122347.61589266751,2175527.226953566,,
basket-dao,2022-01-27T00:00:00.000Z,,,,,,,,,,Basket DAO,,,,,,,,984.0,122348.54287855134,2676935.1510846335,,
basket-dao,2022-01-26T00:00:00.000Z,,,,,,,,,,Basket DAO,,,,,,,,984.0,50.01579858537316,2676935.1510846335,,
basket-dao,2022-01-25T00:00:00.000Z,,,,,105965.3968311764,174241.3813626596,,,1.7424138136265959,Basket DAO,,,,,,,0.0,984.0,52594.42882663513,2676935.1510846335,0.0,0.0
basket-dao,2022-01-24T00:00:00.000Z,,,,,91707.63006205042,174241.3813626596,,,1.7424138136265959,Basket DAO,,,,,,,651.9003301253271,984.0,52591.64886496566,2676220.012570454,0.00710846338177362,0.003741363417961464
basket-dao,2022-01-23T00:00:00.000Z,,,,,91707.63006205042,174241.3813626596,,,1.7424138136265959,Basket DAO,,,,,,,651.9003301253271,984.0,52590.531654613325,2676935.1510846335,0.00710846338177362,0.003741363417961464
basket-dao,2022-01-22T00:00:00.000Z,,,,,,,,,,Basket DAO,,,,,,,,985.0,48.685398912582734,2676715.2251364766,,
basket-dao,2022-01-21T00:00:00.000Z,,,,,,,,,,Basket DAO,,,,,,,,985.0,156488.61493074757,2676935.1510846335,,
basket-dao,2022-01-20T00:00:00.000Z,,,,,,,,,,Basket DAO,,,,,,,,985.0,156490.5774510777,2676935.1510846335,,
basket-dao,2022-01-19T00:00:00.000Z,,,,,,,,,,Basket DAO,,,,,,,,985.0,156493.001796033,2824935.5611298587,,
basket-dao,2022-01-18T00:00:00.000Z,,,,,145108.98134988226,238606.09325904978,,,2.386060932590498,Basket DAO,,,,,,,0.0,985.0,72014.8572979114,2825506.9894123976,0.0,0.0
basket-dao,2022-01-17T00:00:00.000Z,,,,,144781.9402126503,238606.09325904978,,,2.386060932590498,Basket DAO,,,,,,,592.3781960268568,985.0,238567.6745687758,2825506.9894123976,0.004091519944799702,0.002482661645122884
basket-dao,2022-01-16T00:00:00.000Z,,,,,144781.9402126503,238606.09325904978,,,2.386060932590498,Basket DAO,,,,,,,592.3781960268568,984.0,238567.5075771041,2825506.9894123976,0.004091519944799702,0.002482661645122884
basket-dao,2022-01-15T00:00:00.000Z,,,,,,,,,,Basket DAO,,,,,,,,983.0,166608.01954781517,2826743.4753022715,,
basket-dao,2022-01-14T00:00:00.000Z,,,,,,,,,,Basket DAO,,,,,,,,983.0,166758.29424374033,2827710.0119261546,,
basket-dao,2022-01-13T00:00:00.000Z,,,,,,,,,,Basket DAO,,,,,,,,983.0,166761.6910359412,2827710.0119261546,,
basket-dao,2022-01-12T00:00:00.000Z,,,,,,,,,,Basket DAO,,,,,,,,983.0,164685.11384042658,2796003.1544887987,,
basket-dao,2022-01-11T00:00:00.000Z,,,,,137002.71573070553,225276.77103296222,,,2.252767710329622,Basket DAO,,,,,,,0.0,983.0,228856.56219818234,2899083.645556068,0.0,0.0
basket-dao,2022-01-10T00:00:00.000Z,,,,,137240.73331945634,225276.77103296222,,,2.252767710329622,Basket DAO,,,,,,,319.7275579684257,983.0,222958.16204353512,2806333.5311684744,0.0023296841268269333,0.0014192655394623156
basket-dao,2022-01-09T00:00:00.000Z,,,,,131155.35979133227,216474.21313405441,,,2.164742131340544,Basket DAO,,,,,,,596.7374063586038,982.0,226145.7191471715,3147397.2590844547,0.004549851468579027,0.002756621205450769
basket-dao,2022-01-08T00:00:00.000Z,,,,,131155.35979133227,216474.21313405441,,,2.164742131340544,Basket DAO,,,,,,,596.7374063586038,981.0,65347.23370951727,3143388.578907429,0.004549851468579027,0.002756621205450769
basket-dao,2022-01-07T00:00:00.000Z,,,,,,,,,,Basket DAO,,,,,,,,981.0,70.80246753133119,3143389.3460455355,,
basket-dao,2022-01-06T00:00:00.000Z,,,,,161145.69690288906,264975.63986611576,,,2.649756398661158,Basket DAO,,,,,,,0.0,981.0,79986.21276646535,3143561.5685505094,0.0,0.0
basket-dao,2022-01-05T00:00:00.000Z,,,,,161145.69690288906,264975.63986611576,,,2.649756398661158,Basket DAO,,,,,,,0.0,980.0,264613.1656834686,3143561.5685505094,0.0,0.0
basket-dao,2022-01-04T00:00:00.000Z,,,,,163390.0335467485,268174.00355557445,,,2.6817400355557446,Basket DAO,,,,,,,167.20718670196578,980.0,265580.14741364593,3143190.2737068236,0.0010233622153833827,0.0006235025934097112
basket-dao,2022-01-03T00:00:00.000Z,,,,,161538.14893923356,265620.9579319765,,,2.6562095793197646,Basket DAO,,,,,,,0.0,980.0,261569.486767999,3095247.627513619,0.0,0.0
basket-dao,2022-01-02T00:00:00.000Z,,,,,160647.2962673142,265620.9579319765,,,2.6562095793197646,Basket DAO,,,,,,,132.94859255514876,978.0,259694.33849173458,3067291.2111466415,0.0008275806418423918,0.0005005199649539548
basket-dao,2022-01-01T00:00:00.000Z,,,,,158816.27015187294,260774.74788269028,,,2.607747478826903,Basket DAO,,,,,,,1503.877319162803,978.0,268469.3746566266,3224230.497354773,0.00946929000236987,0.005766959152959562
basket-dao,2021-12-31T00:00:00.000Z,,,,,158816.27015187294,260774.74788269028,,,2.607747478826903,Basket DAO,,,,,,,1503.877319162803,978.0,268497.8912164388,3220394.8068208275,0.00946929000236987,0.005766959152959562
basket-dao,2021-12-30T00:00:00.000Z,,,,,170970.18449083166,281130.27467799414,,,2.8113027467799414,Basket DAO,,,,,,,0.0,977.0,270478.3914528384,3169255.7993982323,0.0,0.0
basket-dao,2021-12-29T00:00:00.000Z,,,,,170406.2896280054,279970.56232954154,,,2.7997056232954156,Basket DAO,,,,,,,55.8914726623241,977.0,247524.60461373779,2860854.6470020935,0.0003279894937231156,0.0001996333907296175
basket-dao,2021-12-28T00:00:00.000Z,,,,,182350.29209911026,298570.57056115044,,,2.985705705611504,Basket DAO,,,,,,,3762.141090612319,977.0,286283.61675978464,3334891.9495213293,0.020631396019741698,0.012600508762606905
basket-dao,2021-12-27T00:00:00.000Z,,,,,201584.9233202884,331470.80605164875,,,3.3147080605164874,Basket DAO,,,,,,,1211.7608245428387,978.0,304925.7853253019,3484964.0603691274,0.006011167921608559,0.0036557090471310643
basket-dao,2021-12-26T00:00:00.000Z,,,,,209444.62684915052,344394.7004636308,,,3.443947004636308,Basket DAO,,,,,,,0.0,980.0,349900.4665973352,3543468.3626297927,0.0,0.0
basket-dao,2021-12-25T00:00:00.000Z,,,,,209444.62684915052,344394.7004636308,,,3.443947004636308,Basket DAO,,,,,,,0.0,980.0,351507.9385045752,3564144.9645688226,0.0,0.0
basket-dao,2021-12-24T00:00:00.000Z,,,,,209026.4935903566,343908.418242897,,,3.43908418242897,Basket DAO,,,,,,,279.72162764697777,979.0,354433.8048141822,3604735.8974076556,0.0013382113570501125,0.0008133608042400837
basket-dao,2021-12-23T00:00:00.000Z,,,,,206561.59899326734,338381.6297596482,,,3.3838162975964816,Basket DAO,,,,,,,6284.312863735668,979.0,307024.8648395022,3065887.892837845,0.03042343249841176,0.018571672664971214
basket-dao,2021-12-22T00:00:00.000Z,,,,,206561.59899326734,338381.6297596482,,,3.3838162975964816,Basket DAO,,,,,,,6284.312863735668,980.0,289873.20909886545,2898253.844533208,0.03042343249841176,0.018571672664971214
basket-dao,2021-12-21T00:00:00.000Z,,,,,,,,,,Basket DAO,,,,,,,,981.0,187516.3605958539,2872616.103439642,,
basket-dao,2021-12-20T00:00:00.000Z,,,,,,,,,,Basket DAO,,,,,,,,980.0,187451.97798659056,2871818.2798085813,,
basket-dao,2021-12-19T00:00:00.000Z,,,,,,,,,,Basket DAO,,,,,,,,980.0,187451.82937553216,2872616.103439642,,
basket-dao,2021-12-18T00:00:00.000Z,,,,,236121.07580356047,388259.409648576,,,3.88259409648576,Basket DAO,,,,,,,0.0,979.0,307779.04253036657,2910973.3439904815,0.0,0.0
basket-dao,2021-12-17T00:00:00.000Z,,,,,236121.07580356047,388259.409648576,,,3.88259409648576,Basket DAO,,,,,,,0.0,979.0,307780.76233226084,2935804.911397528,0.0,0.0
basket-dao,2021-12-16T00:00:00.000Z,,,,,235710.15234085923,388169.1655757351,,,3.881691655757351,Basket DAO,,,,,,,0.8116720514409739,979.0,307400.1260972753,2930855.124165932,3.4435175718151464e-06,2.091026602376045e-06
basket-dao,2021-12-15T00:00:00.000Z,,,,,225768.3854097669,372491.8712611343,,,3.724918712611343,Basket DAO,,,,,,,334.9690731968916,979.0,294332.44850157993,2820534.4475659914,0.001483684584929492,0.0008992654579623365
basket-dao,2021-12-14T00:00:00.000Z,,,,,234808.33497188735,386100.8391838581,,,3.8610083918385807,Basket DAO,,,,,,,0.0,978.0,302542.51930540963,2831388.1902487534,0.0,0.0
basket-dao,2021-12-13T00:00:00.000Z,,,,,235853.6748194728,386100.8391838581,,,3.8610083918385807,Basket DAO,,,,,,,135.8210734220887,978.0,320031.56317868613,3059601.3878504997,0.0005758700750626374,0.0003517761673587345
basket-dao,2021-12-12T00:00:00.000Z,,,,,236641.19623351278,389407.0752459612,,,3.894070752459612,Basket DAO,,,,,,,1453.5641291321472,978.0,316322.2851486095,2997848.2232137434,0.0061424813272909565,0.0037327625036448872
basket-dao,2021-12-11T00:00:00.000Z,,,,,237860.4173037666,389757.2167116406,,,3.897572167116406,Basket DAO,,,,,,,324.44267958713687,979.0,313279.7181763148,2953830.0210271827,0.0013640045000543233,0.0008324225073353132
basket-dao,2021-12-10T00:00:00.000Z,,,,,253881.578737127,417098.8933296713,,,4.170988933296713,Basket DAO,,,,,,,271.12724433983027,979.0,344421.410917812,3255193.6158053908,0.0010679279910282885,0.0006500310805800524
basket-dao,2021-12-09T00:00:00.000Z,,,,,262552.3019317949,431833.37290892616,,,4.318333729089262,Basket DAO,,,,,,,251.73123425877057,979.0,348886.302009385,3280774.3648120877,0.0009587850969372365,0.0005829360351726702
basket-dao,2021-12-08T00:00:00.000Z,,,,,265786.33198309486,437038.68448519404,,,4.37038684485194,Basket DAO,,,,,,,0.0,980.0,329488.71137346973,3040112.127755598,0.0,0.0
basket-dao,2021-12-07T00:00:00.000Z,,,,,265108.5491381261,437038.68448519404,,,4.37038684485194,Basket DAO,,,,,,,292.7915722982564,980.0,314266.55455928744,2838822.844385472,0.0011044214652832906,0.0006699442925587874
basket-dao,2021-12-06T00:00:00.000Z,,,,,265108.5491381261,437038.68448519404,,,4.37038684485194,Basket DAO,,,,,,,292.7915722982564,979.0,354214.79358124407,3968407.612835766,0.0011044214652832906,0.0006699442925587874
basket-dao,2021-12-05T00:00:00.000Z,,,,,259973.59090985733,427480.6583333362,,,4.274806583333362,Basket DAO,,,,,,,0.0,980.0,341256.78925472376,3813320.5978073487,0.0,0.0
basket-dao,2021-12-04T00:00:00.000Z,,,,,261941.49156911607,431501.6301608399,,,4.315016301608399,Basket DAO,,,,,,,782.5722200570118,980.0,376077.9661800818,4309591.526151987,0.0029875840416466503,0.0018136020013767092
basket-dao,2021-12-03T00:00:00.000Z,,,,,283659.8473323931,466146.00967387634,,,4.661460096738764,Basket DAO,,,,,,,1465.0417496301718,979.0,407226.64211462555,4604271.849983722,0.005164783678084101,0.00314288167060604
basket-dao,2021-12-02T00:00:00.000Z,,,,,306027.11919728556,502825.0648389405,,,5.028250648389405,Basket DAO,,,,,,,1440.379252319137,979.0,420058.79994415015,4630543.3888494335,0.0047067046087198965,0.002864573294055068
basket-dao,2021-12-01T00:00:00.000Z,,,,,294707.51840797573,484594.46801466815,,,4.8459446801466814,Basket DAO,,,,,,,0.0,979.0,403089.1893597528,4517700.38924128,0.0,0.0
basket-dao,2021-11-30T00:00:00.000Z,,,,,294707.51840797573,484594.46801466815,,,4.8459446801466814,Basket DAO,,,,,,,1490.493140094364,979.0,393318.4319834692,4365942.162642865,0.005057533476397481,0.0030757535186085707
basket-dao,2021-11-29T00:00:00.000Z,,,,,263601.436875197,433105.64048428874,,,4.3310564048428875,Basket DAO,,,,,,,879.9579080336797,979.0,392425.95742280985,4633819.356223597,0.003338213624572535,0.002031739662983218
basket-dao,2021-11-28T00:00:00.000Z,,,,,268301.11587206135,441173.80247413693,,,4.41173802474137,Basket DAO,,,,,,,0.0,978.0,428595.11908690276,4535476.365957067,0.0,0.0
basket-dao,2021-11-27T00:00:00.000Z,,,,,269136.1434444697,441173.80247413693,,,4.41173802474137,Basket DAO,,,,,,,675.0376539247266,979.0,440050.49035322113,4628924.333063612,0.0025081642520600566,0.0015300946024878698
basket-dao,2021-11-26T00:00:00.000Z,,,,,295938.3505925839,488125.70199581963,,,4.881257019958197,Basket DAO,,,,,,,1103.6530045297418,979.0,450468.2860163882,4600566.544720204,0.003729334174904329,0.002261001623182697
basket-dao,2021-11-25T00:00:00.000Z,,,,,295938.3505925839,488125.70199581963,,,4.881257019958197,Basket DAO,,,,,,,1103.6530045297418,980.0,480651.8818659327,5003280.778896143,0.003729334174904329,0.002261001623182697
basket-dao,2021-11-24T00:00:00.000Z,,,,,277947.07196699415,457034.8737748219,,,4.570348737748219,Basket DAO,,,,,,,0.0,980.0,477088.27905229025,5072180.595331843,0.0,0.0
basket-dao,2021-11-23T00:00:00.000Z,,,,,277947.07196699415,457034.8737748219,,,4.570348737748219,Basket DAO,,,,,,,2885.147135005745,980.0,436797.13185943506,4588114.983863411,0.010380203376808202,0.006312750515461186
basket-dao,2021-11-22T00:00:00.000Z,,,,,314284.6265249452,516713.0522240548,,,5.167130522240548,Basket DAO,,,,,,,525.8880632942155,979.0,471612.9113387557,4739056.246176563,0.0016732859927288714,0.0010177564917910806
basket-dao,2021-11-21T00:00:00.000Z,,,,,307980.27530327527,506138.0721654758,,,5.061380721654758,Basket DAO,,,,,,,1807.4094867361869,980.0,554130.2393300862,5314218.759287973,0.005868588450855787,0.003570981094157398
basket-dao,2021-11-20T00:00:00.000Z,,,,,307980.27530327527,506138.0721654758,,,5.061380721654758,Basket DAO,,,,,,,1807.4094867361869,978.0,487230.8102299834,4938274.0131845195,0.005868588450855787,0.003570981094157398
basket-dao,2021-11-19T00:00:00.000Z,,,,,312610.2871487339,514032.40953982243,,,5.140324095398224,Basket DAO,,,,,,,0.0,980.0,489611.809627589,4751749.698942304,0.0,0.0
basket-dao,2021-11-18T00:00:00.000Z,,,,,312903.19483561255,514032.40953982243,,,5.140324095398224,Basket DAO,,,,,,,1525.6671746050529,980.0,492844.80458829005,4751749.698942304,0.004875844030312891,0.002968036929754832
basket-dao,2021-11-17T00:00:00.000Z,,,,,336230.48502824944,552871.6535728829,,,5.528716535728829,Basket DAO,,,,,,,0.0,979.0,506023.4314307407,4878187.2404505415,0.0,0.0
basket-dao,2021-11-16T00:00:00.000Z,,,,,334844.4304283154,552871.6535728829,,,5.528716535728829,Basket DAO,,,,,,,479.8245072462476,977.0,577512.7683413536,5668543.226518277,0.0014329774176995607,0.0008678768465437236
basket-dao,2021-11-15T00:00:00.000Z,,,,,331408.38649415056,546305.2838444802,,,5.463052838444802,Basket DAO,,,,,,,2739.2829710796796,977.0,591898.3757141662,5862092.064639975,0.008265581327188376,0.005014198200322527
basket-dao,2021-11-14T00:00:00.000Z,,,,,352130.7017282955,579016.7519222578,,,5.790167519222578,Basket DAO,,,,,,,0.0,978.0,585530.6687081251,5907230.713910506,0.0,0.0
basket-dao,2021-11-13T00:00:00.000Z,,,,,351509.04643368925,579507.8683600044,,,5.795078683600043,Basket DAO,,,,,,,9943.150710256661,978.0,544731.8566292671,5541172.220887398,0.028287040720963056,0.017157921838741513
basket-dao,2021-11-12T00:00:00.000Z,,,,,387292.0470703279,631475.0679236258,,,6.314750679236258,Basket DAO,,,,,,,565.3861119100471,978.0,568054.7149687465,5629773.117297153,0.0014598443634123459,0.0008953419392615326
basket-dao,2021-11-11T00:00:00.000Z,,,,,377077.49221382313,622923.0848577053,,,6.229230848577053,Basket DAO,,,,,,,2327.992180324129,979.0,565424.9299090089,6759947.85132952,0.006173776553610982,0.0037372064656359845
basket-dao,2021-11-10T00:00:00.000Z,,,,,401458.1059614066,659288.7142860498,,,6.592887142860499,Basket DAO,,,,,,,723.8556600579831,980.0,387682.91397285566,3872591.5356646115,0.001803066495131548,0.0010979342500073786
basket-dao,2021-11-09T00:00:00.000Z,,,,,401051.2942573993,659181.2694634311,,,6.591812694634311,Basket DAO,,,,,,,4934.703775586249,976.0,616150.4054236049,7045587.235985151,0.012304420522376123,0.007486110428476015
basket-dao,2021-11-08T00:00:00.000Z,,,,,410440.2191428124,676913.98027065,,,6.7691398027064995,Basket DAO,,,,,,,18289.81058597932,976.0,597890.0864383817,6674673.123892984,0.04456144825226154,0.027019401458759237
basket-dao,2021-11-07T00:00:00.000Z,,,,,507423.2907906146,837237.3280148754,,,8.372373280148754,Basket DAO,,,,,,,8099.72733264624,976.0,637558.0464183738,6534887.110672674,0.015962466602638756,0.009674350463865522
basket-dao,2021-11-06T00:00:00.000Z,,,,,558458.5311687249,918286.429480644,,,9.18286429480644,Basket DAO,,,,,,,0.0,978.0,660852.0509328156,6520696.465223238,0.0,0.0
basket-dao,2021-11-05T00:00:00.000Z,,,,,557170.217344192,918286.429480644,,,9.18286429480644,Basket DAO,,,,,,,991.3997212063585,979.0,709543.4073527005,6706805.96473826,0.0017793480167191372,0.001079619266253412
basket-dao,2021-11-04T00:00:00.000Z,,,,,568783.5259505135,936535.2363280694,,,9.365352363280694,Basket DAO,,,,,,,550.3317366412833,979.0,712095.7982547312,7185536.360072696,0.0009675592058008452,0.0005876252331935768
basket-dao,2021-11-03T00:00:00.000Z,,,,,568783.5259505135,936535.2363280694,,,9.365352363280694,Basket DAO,,,,,,,550.3317366412833,980.0,715800.2663852547,7232349.178969112,0.0009675592058008452,0.0005876252331935768
basket-dao,2021-11-02T00:00:00.000Z,,,,,,,,,,Basket DAO,,,,,,,,980.0,405074.46925306943,6850995.971373913,,
basket-dao,2021-11-01T00:00:00.000Z,,,,,,,,,,Basket DAO,,,,,,,,979.0,446162.48364683473,6836140.68272792,,
basket-dao,2021-10-31T00:00:00.000Z,,,,,,,,,,Basket DAO,,,,,,,,977.0,438728.7506289811,6739871.899948715,,
basket-dao,2021-10-30T00:00:00.000Z,,,,,517883.9382712587,851568.6770246644,,,8.515686770246644,Basket DAO,,,,,,,0.0,976.0,707807.5008494981,6883252.591912828,0.0,0.0
basket-dao,2021-10-29T00:00:00.000Z,,,,,517883.9382712587,851568.6770246644,,,8.515686770246644,Basket DAO,,,,,,,0.0,976.0,731136.3279839599,7187343.4150049435,0.0,0.0
basket-dao,2021-10-28T00:00:00.000Z,,,,,497443.25648362876,817957.5856950529,,,8.179575856950528,Basket DAO,,,,,,,9123.43935861394,976.0,698824.787817971,6897475.978678711,0.018340663462012775,0.011153927193989369
basket-dao,2021-10-27T00:00:00.000Z,,,,,580851.1568685605,955107.1478562147,,,9.551071478562147,Basket DAO,,,,,,,0.0,975.0,754924.9459183369,7164881.509541842,0.0,0.0
basket-dao,2021-10-26T00:00:00.000Z,,,,,583792.8001887493,959930.6118509097,,,9.599306118509096,Basket DAO,,,,,,,181.75181563079545,977.0,748206.3020682199,7144445.101029313,0.00031132932021777634,0.00018933849320665688
basket-dao,2021-10-25T00:00:00.000Z,,,,,560801.3930193962,922865.4572701469,,,9.228654572701469,Basket DAO,,,,,,,589.0573218996994,976.0,658221.8260309135,6441130.845114478,0.001050384912077645,0.0006382916569898952
basket-dao,2021-10-24T00:00:00.000Z,,,,,571508.9647304714,939518.2221831823,,,9.395182221831822,Basket DAO,,,,,,,1681.5743469627557,976.0,710318.645175425,7338712.0061042635,0.0029423411542735833,0.001789826218649851
basket-dao,2021-10-23T00:00:00.000Z,,,,,591597.0741412203,974687.2014811612,,,9.746872014811611,Basket DAO,,,,,,,996.8196607667634,976.0,1006861.9239194468,7244069.108333772,0.0016849638112456456,0.001022707243156542
basket-dao,2021-10-22T00:00:00.000Z,,,,,571782.4576148266,940195.2734860315,,,9.401952734860314,Basket DAO,,,,,,,0.0,974.0,663165.3877505887,7386196.91263728,0.0,0.0
basket-dao,2021-10-21T00:00:00.000Z,,,,,574147.323595215,940195.2734860315,,,9.401952734860314,Basket DAO,,,,,,,683.3984892046539,975.0,696647.978560016,8072782.505506063,0.0011902842025376453,0.0007268686713035334
basket-dao,2021-10-20T00:00:00.000Z,,,,,556635.6795169192,918669.8331065407,,,9.186698331065408,Basket DAO,,,,,,,1535.5603100704575,974.0,646709.6717516418,7400558.493934386,0.0027586451364438333,0.0016715040101816148
basket-dao,2021-10-19T00:00:00.000Z,,,,,551600.0961292108,907008.9442731387,,,9.070089442731387,Basket DAO,,,,,,,0.0,973.0,686045.1117761037,8084888.125362301,0.0,0.0
basket-dao,2021-10-18T00:00:00.000Z,,,,,552562.9481381031,914672.9594744926,,,9.146729594744926,Basket DAO,,,,,,,1546.0175338086397,973.0,704349.7420717999,8312389.1053029075,0.0027979030063779095,0.0016902407770935676
basket-dao,2021-10-17T00:00:00.000Z,,,,,577540.8861846729,949663.9923177721,,,9.496639923177721,Basket DAO,,,,,,,1288.8553986459244,972.0,708280.8452508672,8061795.438506585,0.0022316262440920994,0.0013571699138558617
basket-dao,2021-10-16T00:00:00.000Z,,,,,566394.2923991048,931335.3873508119,,,9.313353873508118,Basket DAO,,,,,,,0.0,972.0,695351.8330156526,8228776.953643383,0.0,0.0
basket-dao,2021-10-15T00:00:00.000Z,,,,,560067.3274735339,931486.2365022714,,,9.314862365022714,Basket DAO,,,,,,,1007.4813339091919,973.0,706568.4973558472,8570758.292776914,0.001798857538171249,0.0010815847775618049
basket-dao,2021-10-14T00:00:00.000Z,,,,,538570.1677850178,885631.7045668705,,,8.856317045668705,Basket DAO,,,,,,,13596.753800470708,973.0,657934.1874854384,8167778.28831918,0.025246021064237918,0.01535260507314423
basket-dao,2021-10-13T00:00:00.000Z,,,,,575186.3090912388,945792.3061112034,,,9.457923061112034,Basket DAO,,,,,,,0.0,974.0,693566.6386759016,8474148.266908122,0.0,0.0
basket-dao,2021-10-12T00:00:00.000Z,,,,,580492.8318160565,957046.4582690723,,,9.570464582690724,Basket DAO,,,,,,,15117.11617136326,975.0,703860.7836071128,8568398.813048575,0.026041865364762145,0.015795592827023558
basket-dao,2021-10-11T00:00:00.000Z,,,,,635897.0883663445,1046010.797649366,,,10.46010797649366,Basket DAO,,,,,,,179.7489854757336,974.0,741551.1944368606,8774056.624130461,0.00028266993003147554,0.00017184238047988811
basket-dao,2021-10-10T00:00:00.000Z,,,,,635897.0883663445,1046010.797649366,,,10.46010797649366,Basket DAO,,,,,,,179.7489854757336,976.0,739599.4696999689,8829896.177861394,0.00028266993003147554,0.00017184238047988811
basket-dao,2021-10-09T00:00:00.000Z,,,,,637490.1918532352,1048240.0383081867,,,10.482400383081867,Basket DAO,,,,,,,0.0,974.0,743127.6771608815,9007892.47215444,0.0,0.0
basket-dao,2021-10-08T00:00:00.000Z,,,,,637012.3283560793,1048240.0383081867,,,10.482400383081867,Basket DAO,,,,,,,989.4957405170444,972.0,733099.1634425268,8931534.236004246,0.001553338446479693,0.0009439591165722376
basket-dao,2021-10-07T00:00:00.000Z,,,,,669336.1914338183,1100605.160543665,,,11.006051605436651,Basket DAO,,,,,,,103902.72675967382,971.0,744695.8639075109,8605391.860849667,0.1552324946557852,0.09440508775040549
basket-dao,2021-10-06T00:00:00.000Z,,,,,921733.7880226809,1515628.4341536763,,,15.156284341536763,Basket DAO,,,,,,,0.0,970.0,916859.3183250196,10522793.440649847,0.0,0.0
basket-dao,2021-10-05T00:00:00.000Z,,,,,923131.8689139385,1516749.6234338658,,,15.167496234338659,Basket DAO,,,,,,,505.9706407477194,970.0,914664.3688035943,10522793.440649847,0.0005481022352126052,0.0003335887696495486
basket-dao,2021-10-04T00:00:00.000Z,,,,,921327.1708530099,1516243.4310339396,,,15.162434310339396,Basket DAO,,,,,,,3595.1475478683838,970.0,918866.0669048066,10468656.877728976,0.003902139936391781,0.002371088622238463
basket-dao,2021-10-03T00:00:00.000Z,,,,,921377.345021364,1515471.6832305212,,,15.154716832305212,Basket DAO,,,,,,,4242.783112905065,966.0,943665.6274991632,11029445.115557121,0.004604826823484233,0.002799645258868019
basket-dao,2021-10-02T00:00:00.000Z,,,,,906486.27583245,1490452.1648529586,,,14.904521648529586,Basket DAO,,,,,,,15946.862681640025,969.0,913855.6028190387,11353717.659113454,0.017591951590216415,0.010699345512516513
basket-dao,2021-10-01T00:00:00.000Z,,,,,894783.5723964111,1470874.9807095516,,,14.708749807095517,Basket DAO,,,,,,,459.15025439267487,969.0,917777.4612770798,10897384.712068329,0.0005131411310591876,0.00031216130562719904
basket-dao,2021-09-30T00:00:00.000Z,,,,,846817.086992565,1392834.5619842557,,,13.928345619842558,Basket DAO,,,,,,,12797.191172480601,971.0,879759.0939633417,10439137.846132059,0.015112107879080811,0.009187875948633488
basket-dao,2021-09-29T00:00:00.000Z,,,,,898278.8138515358,1468839.1905363258,,,14.688391905363257,Basket DAO,,,,,,,3854.017662435941,970.0,903372.4742721124,10179665.127890104,0.0042904470226912406,0.002623852690796398
basket-dao,2021-09-28T00:00:00.000Z,,,,,1002853.0466716498,1582490.4774008326,,,15.824904774008326,Basket DAO,,,,,,,896.4463422820153,970.0,943612.0013009442,10162936.747801641,0.0008938960152309595,0.0005664781906014291
basket-dao,2021-09-27T00:00:00.000Z,,,,,992212.3662063747,1637185.7744315476,,,16.371857744315477,Basket DAO,,,,,,,106.93747491946704,970.0,983468.9235565185,10242619.788664361,0.00010777680117849351,6.531786226678957e-05
basket-dao,2021-09-26T00:00:00.000Z,,,,,945859.5138294405,1554279.6578208518,,,15.542796578208517,Basket DAO,,,,,,,4029.5578579536223,969.0,913667.2717558277,12236615.73523323,0.00426020756680811,0.0025925565181771646
basket-dao,2021-09-25T00:00:00.000Z,,,,,958111.378384516,1573886.1438632798,,,15.738861438632798,Basket DAO,,,,,,,15853.145039428893,970.0,928132.1850823594,11720435.621210217,0.016546244410706287,0.010072612368589492
basket-dao,2021-09-24T00:00:00.000Z,,,,,1010532.3700006688,1661642.0201881863,,,16.616420201881862,Basket DAO,,,,,,,940.0691618192541,974.0,990272.5463427168,11846399.568631709,0.0009302712013259228,0.000565747104609685
basket-dao,2021-09-23T00:00:00.000Z,,,,,952661.7485817666,1604766.34520403,,,16.0476634520403,Basket DAO,,,,,,,4995.166862775411,972.0,983840.4140871462,12515254.287247805,0.005243379268887143,0.0031127066427482472
basket-dao,2021-09-22T00:00:00.000Z,,,,,986328.6706378128,1612857.20857874,,,16.1285720857874,Basket DAO,,,,,,,205.4420488366926,972.0,948617.1407172784,12328107.85107873,0.00020828964517866322,0.0001273777044514247
basket-dao,2021-09-21T00:00:00.000Z,,,,,976780.5762489294,1611124.8209196823,,,16.111248209196823,Basket DAO,,,,,,,3033.6857413328416,972.0,1054090.426883005,12232488.650524115,0.0031058006425382857,0.0018829613335614279
basket-dao,2021-09-20T00:00:00.000Z,,,,,1101879.079318716,1803938.8933822406,,,18.039388933822405,Basket DAO,,,,,,,4909.531667440305,971.0,1198198.560867658,13657266.322882049,0.00445559931174647,0.0027215620692313627
basket-dao,2021-09-19T00:00:00.000Z,,,,,1147777.7161206559,1886001.5820143663,,,18.860015820143662,Basket DAO,,,,,,,4061.4593457681503,968.0,1253006.0272350549,14791344.552105391,0.003538541730445309,0.0021534761076023386
basket-dao,2021-09-18T00:00:00.000Z,,,,,1210165.5395114059,1989903.511784118,,,19.89903511784118,Basket DAO,,,,,,,0.0,963.0,1379088.2073456813,15029709.844944537,0.0,0.0
basket-dao,2021-09-17T00:00:00.000Z,,,,,1206058.1038793675,1989903.511784118,,,19.89903511784118,Basket DAO,,,,,,,1338.6546435296864,966.0,1422557.0781057796,15660973.618146373,0.0011099420825777906,0.0006727233936732282
basket-dao,2021-09-16T00:00:00.000Z,,,,,1196041.4991043073,1966682.0821052194,,,19.666820821052195,Basket DAO,,,,,,,4642.569438135911,966.0,1431669.3852156713,16258880.20262218,0.0038816123367062453,0.002360610024557863
basket-dao,2021-09-15T00:00:00.000Z,,,,,1171397.7731271274,1927589.2804222566,,,19.275892804222565,Basket DAO,,,,,,,60676.236058034716,963.0,1307216.0576524516,16032563.42785434,0.051798148716003876,0.0314777824686507
basket-dao,2021-09-14T00:00:00.000Z,,,,,1258933.4854194676,2072092.8295991484,,,20.720928295991484,Basket DAO,,,,,,,2793.1360249845425,963.0,1327902.0273720694,15320825.026275069,0.0022186525796109788,0.0013479782300703591
basket-dao,2021-09-13T00:00:00.000Z,,,,,1314306.305650117,2156093.501364385,,,21.560935013643846,Basket DAO,,,,,,,40547.37108204557,964.0,1366272.179838801,15966108.471185807,0.030850777256211177,0.0188059428111012
basket-dao,2021-09-12T00:00:00.000Z,,,,,1404033.8048574734,2308685.6365762274,,,23.086856365762273,Basket DAO,,,,,,,49577.23966877221,964.0,1411190.761178865,16197223.979701422,0.03531057407396605,0.021474227102783502
basket-dao,2021-09-11T00:00:00.000Z,,,,,1569821.1616355241,2584409.641819944,,,25.84409641819944,Basket DAO,,,,,,,27587.15323685742,969.0,1573399.2360097358,15413417.54240539,0.017573436969161277,0.01067445067161664
basket-dao,2021-09-10T00:00:00.000Z,,,,,1830203.152708449,3005732.863851861,,,30.05732863851861,Basket DAO,,,,,,,3962.5790887769,969.0,1781050.6440518203,16516700.846839998,0.002165103411013596,0.0013183404075699646
basket-dao,2021-09-09T00:00:00.000Z,,,,,1848279.4924392446,3026809.901035095,,,30.26809901035095,Basket DAO,,,,,,,6327.949879335963,969.0,1801855.9468673507,17617286.40539083,0.0034236975009578918,0.0020906334015796495
basket-dao,2021-09-08T00:00:00.000Z,,,,,1842938.427352795,3030386.776731269,,,30.30386776731269,Basket DAO,,,,,,,0.0,969.0,1840222.271320796,17832438.319475044,0.0,0.0
basket-dao,2021-09-07T00:00:00.000Z,,,,,2134729.7442388735,3515551.7918409444,,,35.155517918409444,Basket DAO,,,,,,,13399.0068903983,969.0,2192557.4399409373,19032292.295673087,0.006276675971072696,0.003811352437331555
basket-dao,2021-09-06T00:00:00.000Z,,,,,2198707.6502908757,3615855.490631011,,,36.15855490631011,Basket DAO,,,,,,,17354.814943704267,967.0,2256741.4893963584,21239629.150074832,0.007893188956434627,0.004799642847639256
basket-dao,2021-09-05T00:00:00.000Z,,,,,2143017.497569402,3525542.4046317395,,,35.255424046317394,Basket DAO,,,,,,,22895.132118577727,969.0,2376828.2353055617,21674296.37729219,0.010683595511723657,0.006494073674592276
basket-dao,2021-09-04T00:00:00.000Z,,,,,2219860.029086129,3655513.534020647,,,36.55513534020647,Basket DAO,,,,,,,26698.013243765603,968.0,2433313.0657091606,21524337.586146787,0.012026890386758589,0.00730349183371805
basket-dao,2021-09-03T00:00:00.000Z,,,,,2282494.262655457,3753541.4395472123,,,37.535414395472124,Basket DAO,,,,,,,5977.1416941611815,971.0,2470416.5373471766,21654018.206316184,0.002618688595171918,0.0015924006143068453
basket-dao,2021-09-02T00:00:00.000Z,,,,,2213182.3680040473,3639098.265741946,,,36.390982657419464,Basket DAO,,,,,,,42763.81780685841,971.0,2429001.2454954423,21686853.97969156,0.019322319943035172,0.011751212713718694
basket-dao,2021-09-01T00:00:00.000Z,,,,,2214791.16747158,3649998.629213816,,,36.49998629213816,Basket DAO,,,,,,,3234.760623232325,973.0,2302647.847188035,21656739.700492818,0.0014605262431695303,0.0008862361200198778
basket-dao,2021-08-31T00:00:00.000Z,,,,,2145380.4802984074,3518245.475348074,,,35.18245475348074,Basket DAO,,,,,,,1992.0766133473921,970.0,2336472.883107943,19933832.941953644,0.0009285423409232792,0.0005662130818630011
basket-dao,2021-08-30T00:00:00.000Z,,,,,2150634.5377302747,3532865.5272022253,,,35.32865527202225,Basket DAO,,,,,,,18659.43090197728,969.0,2313560.928720096,19813601.722271558,0.008676244417459218,0.005281670292374305
basket-dao,2021-08-29T00:00:00.000Z,,,,,2112218.7209839,3475483.954361285,,,34.75483954361285,Basket DAO,,,,,,,20338.040025314447,970.0,2351323.319854084,19432752.161700625,0.009628756635506342,0.005851858415226698
basket-dao,2021-08-28T00:00:00.000Z,,,,,2154303.8380204136,3539016.977346531,,,35.39016977346531,Basket DAO,,,,,,,3189.880663196379,969.0,2329701.8284082115,20334154.595012724,0.0014807013787468137,0.0009013465274721778
basket-dao,2021-08-27T00:00:00.000Z,,,,,2068679.0386584231,3402493.6941153705,,,34.024936941153705,Basket DAO,,,,,,,79351.60269500283,969.0,2285035.7486146246,19874634.807568945,0.038358585944035004,0.0233216016923828
basket-dao,2021-08-26T00:00:00.000Z,,,,,1975541.8920300861,3247635.0022065868,,,32.476350022065866,Basket DAO,,,,,,,30723.5652106722,970.0,2269981.8203416895,19964839.466470774,0.015551968467294999,0.0094602888532108
basket-dao,2021-08-25T00:00:00.000Z,,,,,1972260.2569012025,3133602.4584266925,,,31.336024584266923,Basket DAO,,,,,,,153939.03144858865,967.0,2234317.198525286,20700104.522208337,0.07805208816125325,0.04912525870492129
basket-dao,2021-08-24T00:00:00.000Z,,,,,2641181.6487979605,4344592.640622443,,,43.44592640622443,Basket DAO,,,,,,,8018.385062102068,968.0,2759297.783604298,20869248.483142216,0.003035908213943312,0.0018456011242870603
basket-dao,2021-08-23T00:00:00.000Z,,,,,2587629.0418240568,4254898.978200273,,,42.54898978200273,Basket DAO,,,,,,,37458.723992155145,969.0,2685709.9412492206,21667733.0133003,0.014476079602874588,0.00880366941355664
basket-dao,2021-08-22T00:00:00.000Z,,,,,2607818.561484493,4277189.2749867495,,,42.7718927498675,Basket DAO,,,,,,,30492.878270940673,964.0,2708840.4831637843,21196789.78109882,0.011692868024370029,0.007129186087056
basket-dao,2021-08-21T00:00:00.000Z,,,,,2608168.156331401,4291687.089154525,,,42.91687089154525,Basket DAO,,,,,,,47263.89686435702,968.0,2768582.405606117,21554590.885436602,0.018121491419033926,0.011012894435802903
basket-dao,2021-08-20T00:00:00.000Z,,,,,2605148.6199269556,4354139.255938736,,,43.541392559387354,Basket DAO,,,,,,,7364.33793077718,961.0,2718443.727312,22260630.600365333,0.0028268398487698047,0.0016913418468949397
basket-dao,2021-08-19T00:00:00.000Z,,,,,2623174.842179806,4317200.00080606,,,43.1720000080606,Basket DAO,,,,,,,22494.39339491311,960.0,2827938.404775271,22971221.679099035,0.008575255081441966,0.00521041262640443
basket-dao,2021-08-18T00:00:00.000Z,,,,,2701570.0349452235,4457961.179338281,,,44.57961179338281,Basket DAO,,,,,,,12280.451880041888,951.0,2901039.273899889,25317937.309444487,0.004545672228071957,0.00275472382688284
basket-dao,2021-08-17T00:00:00.000Z,,,,,2927222.639684662,4763717.746437144,,,47.63717746437143,Basket DAO,,,,,,,51850.867442469265,948.0,3108912.5738865836,25475317.70063156,0.017713332337459288,0.0108845381280722
basket-dao,2021-08-16T00:00:00.000Z,,,,,3191027.9029214964,5372234.109618661,,,53.72234109618661,Basket DAO,,,,,,,23380.800071189475,942.0,3345507.8134046528,28204683.760924116,0.007327043442579597,0.004352155843195211
basket-dao,2021-08-15T00:00:00.000Z,,,,,3140944.7698385604,5295929.1359362705,,,52.95929135936271,Basket DAO,,,,,,,10628.015029772261,929.0,3346884.9771512547,31964073.176530972,0.0033837000675177504,0.0020068272737364203
basket-dao,2021-08-14T00:00:00.000Z,,,,,3219558.680605104,5426820.125071081,,,54.26820125071082,Basket DAO,,,,,,,195389.8897741568,926.0,3456665.8323628227,31646091.82794091,0.06068840768494208,0.036004489787948804
basket-dao,2021-08-13T00:00:00.000Z,,,,,2597704.121328218,4386667.796058229,,,43.866677960582294,Basket DAO,,,,,,,23689.89912997636,919.0,2928486.906699041,32190182.512550727,0.009119552506181345,0.00540043154196988
basket-dao,2021-08-12T00:00:00.000Z,,,,,2820753.5843008845,4753571.526043854,,,47.535715260438536,Basket DAO,,,,,,,13935.891847524914,917.0,3142550.44663366,31288745.398028336,0.004940485381313052,0.00293166764635243
basket-dao,2021-08-11T00:00:00.000Z,,,,,2810729.3960466646,4752862.465625479,,,47.52862465625479,Basket DAO,,,,,,,77640.76057464135,915.0,3094285.235910091,33153734.14827113,0.027622993762346636,0.0163355790612855
basket-dao,2021-08-10T00:00:00.000Z,,,,,2945082.3450273997,5149409.4679910615,,,51.49409467991062,Basket DAO,,,,,,,23551.791341229717,909.0,3280193.409082446,33085556.52747255,0.007996989076042491,0.004573687815589071
basket-dao,2021-08-09T00:00:00.000Z,,,,,3001222.1056396025,5114793.699912582,,,51.14793699912582,Basket DAO,,,,,,,36555.74015725687,905.0,3326190.433690417,35848357.92855626,0.012180284854148217,0.007147060527168799
basket-dao,2021-08-08T00:00:00.000Z,,,,,3236069.4096822436,5578098.660712183,,,55.78098660712183,Basket DAO,,,,,,,27256.963473507378,904.0,3587878.164118289,35468813.47674469,0.0084228612006761,0.0048864254885781005
basket-dao,2021-08-07T00:00:00.000Z,,,,,3071834.178613842,5387307.0531122405,,,53.87307053112241,Basket DAO,,,,,,,39424.93378245418,904.0,3435510.069887083,36570755.87964085,0.012834330074497897,0.007318115227844391
basket-dao,2021-08-06T00:00:00.000Z,,,,,3102247.2969542276,5419015.226137575,,,54.19015226137575,Basket DAO,,,,,,,86199.45151267375,901.0,3438594.406251977,35681354.1176828,0.027786131556083227,0.015906848000150898
basket-dao,2021-08-05T00:00:00.000Z,,,,,3298094.573017718,5767477.248946485,,,57.67477248946485,Basket DAO,,,,,,,12336.577990193433,898.0,3566986.57882568,35679782.12447322,0.003740516749010508,0.00213899031720444
basket-dao,2021-08-04T00:00:00.000Z,,,,,3000732.3512667944,5245511.578258827,,,52.45511578258827,Basket DAO,,,,,,,31435.337429469262,897.0,3277756.9836385916,36466501.04493529,0.010475888466426693,0.00599280679500545
basket-dao,2021-08-03T00:00:00.000Z,,,,,3140492.5535617727,5306001.069606964,,,53.06001069606963,Basket DAO,,,,,,,65072.141550405504,891.0,3344383.5781556703,35314085.25459769,0.02072036167594293,0.012263876447960394
basket-dao,2021-08-02T00:00:00.000Z,,,,,3036926.716229298,5589234.823144443,,,55.89234823144444,Basket DAO,,,,,,,103993.04501160345,884.0,3468641.5642447066,34743083.397607446,0.03424285625855439,0.018605953820544273
basket-dao,2021-08-01T00:00:00.000Z,,,,,3196433.4691547696,5598048.890524498,,,55.98048890524498,Basket DAO,,,,,,,68073.75821275622,883.0,3483000.879836163,34883774.069966644,0.02129678557982216,0.01216026503948203
basket-dao,2021-07-31T00:00:00.000Z,,,,,3159461.566953249,5546779.743839925,,,55.46779743839925,Basket DAO,,,,,,,48008.1096432454,877.0,3396216.2776643564,33314957.720337737,0.015195028844595464,0.008655131781023333
basket-dao,2021-07-30T00:00:00.000Z,,,,,3075100.6291122995,5382185.56861893,,,53.8218556861893,Basket DAO,,,,,,,31747.488111321705,873.0,3412968.5956837498,32397985.840340562,0.01032404852405964,0.005898623840921954
basket-dao,2021-07-29T00:00:00.000Z,,,,,3124209.5085434737,5487606.177623301,,,54.87606177623301,Basket DAO,,,,,,,44727.47932322969,871.0,3429773.30655833,32385348.52844128,0.014316414824587715,0.008150635791907591
basket-dao,2021-07-28T00:00:00.000Z,,,,,3340607.114893549,5869735.279093381,,,58.69735279093381,Basket DAO,,,,,,,92727.01384847471,868.0,3623539.58682347,31766682.619010586,0.027757533483978563,0.015797477984866977
basket-dao,2021-07-27T00:00:00.000Z,,,,,3439670.0620155395,6013115.452013504,,,60.131154520135034,Basket DAO,,,,,,,164983.14896932695,868.0,3688827.7694908734,31004014.295233298,0.047964818135101006,0.02743721624604464
basket-dao,2021-07-26T00:00:00.000Z,,,,,2945938.008708947,5174438.871375897,,,51.744388713758966,Basket DAO,,,,,,,48541.89288282257,867.0,3300872.367044325,30370649.436236635,0.016477567667520603,0.009381093117429205
basket-dao,2021-07-25T00:00:00.000Z,,,,,3055957.371253889,5378367.488264266,,,53.783674882642664,Basket DAO,,,,,,,90714.24473135898,861.0,3401497.460035674,29562177.802044302,0.02968439467928116,0.016866501764578146
basket-dao,2021-07-24T00:00:00.000Z,,,,,2976974.4053028077,5235228.313069195,,,52.352283130691944,Basket DAO,,,,,,,88708.87978414538,858.0,3317669.42302057,29507078.944846045,0.029798334720691766,0.016944605751518616
basket-dao,2021-07-23T00:00:00.000Z,,,,,2740954.5330060595,4846804.204894891,,,48.46804204894891,Basket DAO,,,,,,,68039.92310676847,848.0,3138194.6333452063,28100470.75824847,0.024823440990153066,0.014038100205915787
basket-dao,2021-07-22T00:00:00.000Z,,,,,2804139.988399549,4921671.9397626,,,49.216719397625994,Basket DAO,,,,,,,45751.39655194606,835.0,3129868.8209992484,25121511.52609787,0.01631566068071319,0.00929590535734751
basket-dao,2021-07-21T00:00:00.000Z,,,,,2509145.673906304,4416430.035376676,,,44.16430035376676,Basket DAO,,,,,,,90122.19023228208,819.0,2845116.181558011,23324157.224717543,0.035917480268085625,0.0204061174999675
basket-dao,2021-07-20T00:00:00.000Z,,,,,2843108.1232344303,5009117.592429334,,,50.09117592429334,Basket DAO,,,,,,,46181.95721617449,816.0,3187242.2759485785,21393205.931210395,0.016243475525523136,0.00921957936982211
basket-dao,2021-07-19T00:00:00.000Z,,,,,2758015.5275620334,5410383.743254271,,,54.10383743254271,Basket DAO,,,,,,,143187.3464933471,814.0,3491531.5266861306,19610887.394638754,0.05191680215807869,0.02646528477242945
basket-dao,2021-07-18T00:00:00.000Z,,,,,2834384.228837229,5539396.679019395,,,55.39396679019395,Basket DAO,,,,,,,41428.899308978755,801.0,3894997.481899222,11796568.011592487,0.014616543123362795,0.007478955147930054
basket-dao,2021-07-17T00:00:00.000Z,,,,,2839345.211852055,5549311.082504635,,,55.49311082504635,Basket DAO,,,,,,,70885.85281487647,793.0,3915342.879819864,11839515.700538391,0.02496556336967525,0.012773811336394344
basket-dao,2021-07-16T00:00:00.000Z,,,,,3077673.204845952,5992937.088604239,,,59.929370886042385,Basket DAO,,,,,,,72322.23024283123,791.0,4168207.261299025,11871489.18729578,0.023498995971682837,0.012067910804596006
basket-dao,2021-07-15T00:00:00.000Z,,,,,3152113.626385649,6170273.379544186,,,61.702733795441866,Basket DAO,,,,,,,118249.81604596083,788.0,4324731.979452652,12057113.040970625,0.03751445222536322,0.0191644370957671
basket-dao,2021-07-14T00:00:00.000Z,,,,,2893594.552131181,5662284.323005267,,,56.62284323005267,Basket DAO,,,,,,,52162.80902765133,787.0,4261551.077917726,12692586.090273743,0.018026993100755097,0.00921232598930423
basket-dao,2021-07-13T00:00:00.000Z,,,,,3231079.534120487,6277249.388188944,,,62.772493881889446,Basket DAO,,,,,,,25800.4467488193,783.0,4638756.989980351,12831581.942427395,0.007985085627377566,0.00411015162108495
basket-dao,2021-07-12T00:00:00.000Z,,,,,3454662.299902282,6765438.62674613,,,67.6543862674613,Basket DAO,,,,,,,48689.88647938665,781.0,4992690.888586998,13169079.858199842,0.014093964113587567,0.00719685583827464
basket-dao,2021-07-11T00:00:00.000Z,,,,,3523006.678866545,6964750.611890526,,,69.64750611890526,Basket DAO,,,,,,,25179.74921792173,776.0,5116696.819913699,13801141.526342059,0.007147232893132861,0.0036153123953833704
basket-dao,2021-07-10T00:00:00.000Z,,,,,3532526.263403851,6980985.882054813,,,69.80985882054813,Basket DAO,,,,,,,54030.64071689985,769.0,5265722.867303353,13559633.803251708,0.015295184434053526,0.0077396862892661
basket-dao,2021-07-09T00:00:00.000Z,,,,,3509618.7189606884,7041133.47449265,,,70.41133474492649,Basket DAO,,,,,,,192611.65142084166,759.0,5293887.426708242,13283981.630393038,0.05488107593575869,0.0273552052547506
basket-dao,2021-07-08T00:00:00.000Z,,,,,4016531.2083008923,8068276.527462922,,,80.68276527462922,Basket DAO,,,,,,,203808.23717370836,755.0,6060458.243118054,13417382.00344637,0.05074235119908979,0.025260442732717797
basket-dao,2021-07-07T00:00:00.000Z,,,,,3552312.898849114,7236146.712319643,,,72.36146712319643,Basket DAO,,,,,,,744239.5923918417,750.0,6170982.218854082,14860333.29403753,0.20950845648562155,0.102850262989384
basket-dao,2021-07-06T00:00:00.000Z,,,,,2653396.6294551063,6613338.016005353,,,66.13338016005353,Basket DAO,,,,,,,15942.874289854024,735.0,6295237.392906787,14673054.843349157,0.006008477629342586,0.0024107151715623302
basket-dao,2021-07-05T00:00:00.000Z,,,,,2791715.3700770102,7000909.968411287,,,70.00909968411287,Basket DAO,,,,,,,34790.71720549564,697.0,5318824.1082615405,13764214.292252246,0.012462129047394946,0.004969456451014849
basket-dao,2021-07-04T00:00:00.000Z,,,,,2666227.117088466,6771730.341029303,,,67.71730341029303,Basket DAO,,,,,,,125678.8585769161,699.0,4786314.5916275075,13670745.9815856,0.04713734166583606,0.018559341888651302
basket-dao,2021-07-03T00:00:00.000Z,,,,,2322606.434539822,5861957.3738116305,,,58.6195737381163,Basket DAO,,,,,,,4418.055739175503,698.0,4282635.29329274,12313754.513064751,0.0019021973217132038,0.000753682679255435
basket-dao,2021-07-02T00:00:00.000Z,,,,,2287530.6685842318,5808165.953455102,,,58.081659534551015,Basket DAO,,,,,,,18896.269833065282,692.0,4486819.52470459,11422100.422410805,0.008260553658395457,0.0032533970248946596
basket-dao,2021-07-01T00:00:00.000Z,,,,,2487396.890481527,6303812.627572788,,,63.038126275727876,Basket DAO,,,,,,,32714.14029301759,694.0,4594798.64610133,12340841.672906809,0.013151958345772704,0.00518958005666704
basket-dao,2021-06-30T00:00:00.000Z,,,,,2394548.2488460713,6080496.666106763,,,60.80496666106763,Basket DAO,,,,,,,158866.9049194551,697.0,4535754.57670882,12370643.720566085,0.06634525113286516,0.026127290851912403
basket-dao,2021-06-29T00:00:00.000Z,,,,,1960605.838608367,5008377.955042837,,,50.08377955042837,Basket DAO,,,,,,,152111.69148773348,697.0,4022223.021398153,12545265.093569633,0.0775840245358557,0.0303714481720724
basket-dao,2021-06-28T00:00:00.000Z,,,,,1537275.6112801924,3953500.1314046006,,,39.535001314046006,Basket DAO,,,,,,,89634.17454631293,689.0,3605681.570966504,11757373.45857762,0.05830715968470257,0.022672106125482202
basket-dao,2021-06-27T00:00:00.000Z,,,,,1541361.634912905,3969391.8873821767,,,39.693918873821765,Basket DAO,,,,,,,29239.136178563465,688.0,3403918.230314401,11078911.217334496,0.01896967948097114,0.007366150032076259
basket-dao,2021-06-26T00:00:00.000Z,,,,,1608018.5752716092,4152506.7047225162,,,41.525067047225164,Basket DAO,,,,,,,222950.60443763674,684.0,3344851.3289887942,10222568.004125092,0.13864927175979813,0.0536906067325748
basket-dao,2021-06-25T00:00:00.000Z,,,,,1874578.9380358646,4907723.075309175,,,49.07723075309175,Basket DAO,,,,,,,8520.944776642013,682.0,3921084.2845635843,10178535.081641328,0.004545524652896206,0.0017362317811921801
basket-dao,2021-06-24T00:00:00.000Z,,,,,1852393.1625919775,4831974.880449976,,,48.31974880449976,Basket DAO,,,,,,,42682.5864501977,681.0,3743190.664820469,12251858.091843436,0.023041861367310228,0.00883336265320628
basket-dao,2021-06-23T00:00:00.000Z,,,,,1715590.8886816301,4496513.383675794,,,44.96513383675794,Basket DAO,,,,,,,14058.92625662109,682.0,3777273.4614402615,11182195.411891505,0.008194801190291276,0.00312662835779847
basket-dao,2021-06-22T00:00:00.000Z,,,,,1750368.6832755574,4615863.785088483,,,46.15863785088484,Basket DAO,,,,,,,124108.32508502474,685.0,3965332.147614961,11713269.189509792,0.07090410510131745,0.026887345654773402
basket-dao,2021-06-21T00:00:00.000Z,,,,,2353231.806248803,6535835.862735594,,,65.35835862735594,Basket DAO,,,,,,,59268.88753839546,684.0,5093946.1155218575,12062377.360937405,0.025186166267603585,0.00906829497911967
basket-dao,2021-06-20T00:00:00.000Z,,,,,2275744.315284512,6317654.262379834,,,63.17654262379834,Basket DAO,,,,,,,27350.90482298862,677.0,4998510.6003650185,15062254.166367365,0.01201844365348628,0.00432928167434817
basket-dao,2021-06-19T00:00:00.000Z,,,,,2371962.042873345,6628844.7880320735,,,66.28844788032073,Basket DAO,,,,,,,125018.9721555036,676.0,4951616.236258051,14852175.896298919,0.052706986830218516,0.0188598430274332
basket-dao,2021-06-18T00:00:00.000Z,,,,,2948286.1075969096,8227000.032398569,,,82.2700003239857,Basket DAO,,,,,,,67141.73104445077,673.0,5673391.219433827,14426396.823386472,0.02277313957809091,0.008161143889636732
basket-dao,2021-06-17T00:00:00.000Z,,,,,2951388.1584409727,8264480.054602842,,,82.64480054602842,Basket DAO,,,,,,,78445.08361328299,678.0,5638236.710667083,15832541.156618336,0.02657904667297996,0.009491835311477771
basket-dao,2021-06-16T00:00:00.000Z,,,,,3239284.8604352484,9095644.740486594,,,90.95644740486594,Basket DAO,,,,,,,138205.76788384753,677.0,6078979.425951274,16473509.893031554,0.04266551842102501,0.0151947192120054
basket-dao,2021-06-15T00:00:00.000Z,,,,,3306763.131510757,9333384.860222157,,,93.33384860222158,Basket DAO,,,,,,,32092.7908534357,681.0,6073090.433110678,17299511.071694836,0.009705197976721576,0.00343849432269868
basket-dao,2021-06-14T00:00:00.000Z,,,,,3300154.0176633415,9303802.548205813,,,93.03802548205813,Basket DAO,,,,,,,18771.909052311275,689.0,5917829.177338322,17098043.346333947,0.005688191809181875,0.002017659871332
basket-dao,2021-06-13T00:00:00.000Z,,,,,3194732.21343978,9052919.277178306,,,90.52919277178306,Basket DAO,,,,,,,61616.23544001567,689.0,5627059.763767212,16294824.344202334,0.019286823221303186,0.0068062283064144104
basket-dao,2021-06-12T00:00:00.000Z,,,,,3301550.315682164,9478270.321679188,,,94.78270321679187,Basket DAO,,,,,,,57712.51231662507,690.0,5702157.506931984,16540110.233195074,0.0174804279197243,0.006088928713567289
basket-dao,2021-06-11T00:00:00.000Z,,,,,3681324.6203462253,10567742.196751008,,,105.67742196751009,Basket DAO,,,,,,,42586.04959456587,689.0,6415945.5988069065,16431283.085313722,0.011568132122659884,0.00402981533819577
basket-dao,2021-06-10T00:00:00.000Z,,,,,3892673.4964245767,11242401.970357561,,,112.42401970357561,Basket DAO,,,,,,,82497.14517577123,694.0,6847394.470539621,18057960.552876543,0.02119292698232845,0.007338035536648529
basket-dao,2021-06-09T00:00:00.000Z,,,,,3686344.9705466907,10660104.315085882,,,106.60104315085883,Basket DAO,,,,,,,90139.98063763155,695.0,6542337.796420501,18767312.951040823,0.024452399696131437,0.00845582538156479
basket-dao,2021-06-08T00:00:00.000Z,,,,,3953127.9869552236,11455119.577387739,,,114.55119577387738,Basket DAO,,,,,,,124807.78766414277,695.0,8133116.346522379,18113173.340206165,0.03157190662078011,0.010895371874643
basket-dao,2021-06-07T00:00:00.000Z,,,,,4121776.2850996326,12173058.374962388,,,121.73058374962388,Basket DAO,,,,,,,666991.7683567922,697.0,8421702.257159635,19307751.941568803,0.16182143867632773,0.0547924562432613
basket-dao,2021-06-06T00:00:00.000Z,,,,,2858626.5501243477,8465982.535608068,,,84.65982535608067,Basket DAO,,,,,,,108080.44298133193,703.0,7509096.608876889,19906372.95984956,0.03780852136024222,0.012766438216325598
basket-dao,2021-06-05T00:00:00.000Z,,,,,2967028.666197104,8841722.99213151,,,88.41722992131511,Basket DAO,,,,,,,99774.62559368178,701.0,7730840.453182224,18742404.44242826,0.03362779292643801,0.0112845229015288
basket-dao,2021-06-04T00:00:00.000Z,,,,,3128697.6118697063,9343434.362349328,,,93.43434362349328,Basket DAO,,,,,,,140502.99024851446,712.0,8369944.044866098,19697794.25786091,0.044907820338875776,0.015037617304263501
basket-dao,2021-06-03T00:00:00.000Z,,,,,2857170.0765677285,8546363.06922981,,,85.4636306922981,Basket DAO,,,,,,,39469.354711405926,717.0,8326989.121786362,21736471.925496906,0.013814142544436771,0.0046182632766341
basket-dao,2021-06-02T00:00:00.000Z,,,,,2771151.6326552555,8368238.846327235,,,83.68238846327235,Basket DAO,,,,,,,155610.84223655332,716.0,8288202.895901927,21863514.410202548,0.05615385329436141,0.0185954111843796
basket-dao,2021-06-01T00:00:00.000Z,,,,,2785032.0170227434,8434795.550165204,,,84.34795550165204,Basket DAO,,,,,,,85455.3648171393,719.0,8996615.303072065,27492873.600278426,0.030683799789308294,0.0101312905936962
basket-dao,2021-05-31T00:00:00.000Z,,,,,2496566.9480950814,7593424.916387789,,,75.9342491638779,Basket DAO,,,,,,,13342.640943271375,720.0,8170081.094900127,28589456.37917055,0.005344395412048539,0.0017571308191216702
basket-dao,2021-05-30T00:00:00.000Z,,,,,2378205.2359813494,7245506.593716935,,,72.45506593716935,Basket DAO,,,,,,,34499.46295586289,712.0,7703987.816736775,25660611.238482445,0.014506512067965795,0.004761497696486769
basket-dao,2021-05-29T00:00:00.000Z,,,,,2623322.934245711,8035659.189199528,,,80.35659189199528,Basket DAO,,,,,,,20573.84306387645,715.0,8285012.23214276,23754000.258984115,0.007842665039556818,0.00256031802487705
basket-dao,2021-05-28T00:00:00.000Z,,,,,3050036.769689858,9355066.138707753,,,93.55066138707754,Basket DAO,,,,,,,56283.90134219645,713.0,9492314.950117994,24762136.409002498,0.01845351567611418,0.00601640870386953
basket-dao,2021-05-27T00:00:00.000Z,,,,,3121266.5297018755,9745072.633071162,,,97.45072633071162,Basket DAO,,,,,,,96096.76799740255,717.0,10257569.593547827,29785423.014878158,0.030787748205079152,0.00986106226353673
basket-dao,2021-05-26T00:00:00.000Z,,,,,3101349.7047392614,9739683.215951398,,,97.39683215951398,Basket DAO,,,,,,,37498.04404141577,717.0,9417444.16806619,29922962.081518404,0.012090879007973185,0.0038500270706959398
basket-dao,2021-05-25T00:00:00.000Z,,,,,3118974.690323068,9851083.448315024,,,98.51083448315025,Basket DAO,,,,,,,54861.42943923921,719.0,9422957.837033987,27775149.1052697,0.01758957185816618,0.00556907569883828
basket-dao,2021-05-24T00:00:00.000Z,,,,,2478172.6690588747,7898917.262386615,,,78.98917262386615,Basket DAO,,,,,,,111663.61290328875,718.0,6697183.8561372785,27916093.479962036,0.04505885094184933,0.014136572038172
basket-dao,2021-05-23T00:00:00.000Z,,,,,3214861.221790442,10232713.426837755,,,102.32713426837755,Basket DAO,,,,,,,105338.99937813396,716.0,8080551.627695038,22072343.296284944,0.03276626644538885,0.010294336896199699
basket-dao,2021-05-22T00:00:00.000Z,,,,,3674852.5661628633,11768291.282425,,,117.68291282425,Basket DAO,,,,,,,115747.94842677818,710.0,10089042.79195337,27543301.940078866,0.031497303998684674,0.00983557813525898
basket-dao,2021-05-21T00:00:00.000Z,,,,,4741350.715726273,15092847.98811559,,,150.9284798811559,Basket DAO,,,,,,,238481.20288126462,717.0,12519457.260729073,30078259.10271548,0.050298157039989064,0.0158009411523292
basket-dao,2021-05-20T00:00:00.000Z,,,,,3936718.0090643307,12188939.263128739,,,121.8893926312874,Basket DAO,,,,,,,118079.2442497822,716.0,11224988.1015662,36944768.26277929,0.029994336393387493,0.009687409355379201
basket-dao,2021-05-19T00:00:00.000Z,,,,,5542550.130846815,18142807.84913609,,,181.42807849136094,Basket DAO,,,,,,,113486.05126286883,711.0,17162055.280972227,33228787.278338887,0.020475421707287278,0.00625515367888729
basket-dao,2021-05-18T00:00:00.000Z,,,,,5692030.123587837,18610224.736860808,,,186.10224736860806,Basket DAO,,,,,,,112865.59472694583,706.0,15876301.032008337,53221357.64790143,0.019828706503015422,0.006064708853482879
basket-dao,2021-05-17T00:00:00.000Z,,,,,6443715.923110599,21493069.30737006,,,214.9306930737006,Basket DAO,,,,,,,475771.21013722196,709.0,16544381.994509593,48911581.71850547,0.07383491386248933,0.0221360292163613
basket-dao,2021-05-16T00:00:00.000Z,,,,,6325142.695277345,20914728.88044202,,,209.1472888044202,Basket DAO,,,,,,,281647.8257099908,700.0,18194588.08203399,50780598.94173208,0.044528295926079674,0.013466482272852602
basket-dao,2021-05-15T00:00:00.000Z,,,,,7727420.243409577,26079004.63074477,,,260.7900463074477,Basket DAO,,,,,,,627934.678776239,692.0,20060872.342193644,58513883.525206655,0.08126058360961806,0.0240781689204488
basket-dao,2021-05-14T00:00:00.000Z,,,,,5665702.822340704,19286642.887196563,,,192.86642887196564,Basket DAO,,,,,,,606281.1140573508,700.0,17740170.942425195,64026152.04305006,0.10700898601082548,0.0314352849069358
basket-dao,2021-05-13T00:00:00.000Z,,,,,6136555.06483855,21099957.742423795,,,210.99957742423797,Basket DAO,,,,,,,127855.3896325583,697.0,19291289.365581788,59375295.447555214,0.02083504316047755,0.00605950927453712
basket-dao,2021-05-12T00:00:00.000Z,,,,,5944658.320608176,20472946.395224936,,,204.72946395224938,Basket DAO,,,,,,,111751.2705305158,697.0,21024625.722769555,64652812.83352254,0.018798602796583092,0.005458484986634871
basket-dao,2021-05-11T00:00:00.000Z,,,,,5461294.951907875,18893105.839282732,,,188.9310583928273,Basket DAO,,,,,,,339214.7573281338,691.0,19669198.978131596,59935604.188738234,0.06211251366484626,0.017954419999216598
basket-dao,2021-05-10T00:00:00.000Z,,,,,6533364.957794074,22683002.104545385,,,226.83002104545383,Basket DAO,,,,,,,59900.871026161985,696.0,21274429.832879487,62232368.18138039,0.00916845628755246,0.00264078232458298
basket-dao,2021-05-09T00:00:00.000Z,,,,,6569685.500708242,22896941.042215772,,,228.96941042215772,Basket DAO,,,,,,,223112.5090423031,693.0,23492546.958554327,68987556.2021687,0.03396091167807813,0.00974420594571755
basket-dao,2021-05-08T00:00:00.000Z,,,,,6512545.176036285,22668304.73005501,,,226.68304730055013,Basket DAO,,,,,,,410717.37352242484,673.0,20845282.29104903,63718905.21866253,0.06306556997619152,0.0181185747418452
basket-dao,2021-05-07T00:00:00.000Z,,,,,7990637.377000689,27731135.303419746,,,277.31135303419745,Basket DAO,,,,,,,320621.46541281237,674.0,21605734.46574624,73839235.48600292,0.040124642163796784,0.0115617864867319
basket-dao,2021-05-06T00:00:00.000Z,,,,,8858901.552675908,31381545.523967266,,,313.81545523967264,Basket DAO,,,,,,,114842.74011525563,667.0,22767611.401694402,78806591.68325059,0.01296354174751681,0.00365956291182491
basket-dao,2021-05-05T00:00:00.000Z,,,,,8481044.970161598,30200444.189440377,,,302.0044418944038,Basket DAO,,,,,,,207981.76119087823,668.0,24483792.94670122,76419362.80909589,0.024523129157150943,0.00688671199291828
basket-dao,2021-05-04T00:00:00.000Z,,,,,9558012.042705366,34725379.047200315,,,347.2537904720032,Basket DAO,,,,,,,356688.9510087325,669.0,27294588.18808648,81988438.93375473,0.037318319899058504,0.0102717079207085
basket-dao,2021-05-03T00:00:00.000Z,,,,,8746055.918575706,32428114.652696975,,,324.28114652696974,Basket DAO,,,,,,,306504.43998560304,670.0,26273020.061482765,79738440.1030798,0.03504487540888228,0.009451811900514289
basket-dao,2021-05-02T00:00:00.000Z,,,,,9487675.523268595,35981718.957599215,,,359.81718957599213,Basket DAO,,,,,,,887590.3248618711,677.0,29148516.55299113,79738440.1030798,0.09355192667424694,0.024667813283401098
basket-dao,2021-05-01T00:00:00.000Z,,,,,7506195.099201438,29429113.00141669,,,294.2911300141669,Basket DAO,,,,,,,536121.5745356893,676.0,27176784.637124322,84762429.14942199,0.07142387953554867,0.0182173881526732
basket-dao,2021-04-30T00:00:00.000Z,,,,,6728648.278519639,27172186.634279255,,,271.72186634279257,Basket DAO,,,,,,,315888.6454312929,654.0,30043579.216832295,95754812.69042097,0.046946820870356315,0.0116254407377278
basket-dao,2021-04-29T00:00:00.000Z,,,,,6433221.221602746,26571584.6829774,,,265.715846829774,Basket DAO,,,,,,,443052.9169318371,641.0,30640699.55390364,97621383.01220208,0.06886952922496527,0.0166739365460454
basket-dao,2021-04-28T00:00:00.000Z,,,,,6868341.133580238,29615083.85648452,,,296.15083856484523,Basket DAO,,,,,,,489615.4568418122,627.0,31374192.07080945,94752536.41510439,0.07128583850444131,0.016532637868408598
basket-dao,2021-04-27T00:00:00.000Z,,,,,7150983.907418011,32008134.03503752,,,320.0813403503752,Basket DAO,,,,,,,341930.3863754996,628.0,29522984.674404163,97358326.08126616,0.04781585174884831,0.010682609176817601
basket-dao,2021-04-26T00:00:00.000Z,,,,,6959749.428768819,32121934.464521963,,,321.2193446452196,Basket DAO,,,,,,,513532.548987207,616.0,27218078.51953742,88183732.58694339,0.07378606862834299,0.015986974556417
basket-dao,2021-04-25T00:00:00.000Z,,,,,7308601.136848349,34648402.75068178,,,346.48402750681777,Basket DAO,,,,,,,560951.5078637933,619.0,26350673.97524372,88183732.58694339,0.07675223991026134,0.0161898230028152
basket-dao,2021-04-24T00:00:00.000Z,,,,,8531460.926466899,42615980.91820133,,,426.15980918201325,Basket DAO,,,,,,,849240.6684904825,608.0,28742028.5367478,88517455.99531932,0.09954223266215852,0.019927751284677598
basket-dao,2021-04-23T00:00:00.000Z,,,,,9057182.911845865,46279969.69761643,,,462.7996969761643,Basket DAO,,,,,,,1632653.9150699477,613.0,31056262.846341956,88862098.46851003,0.18026067608004295,0.035277765429350204
basket-dao,2021-04-22T00:00:00.000Z,,,,,9069064.43335386,48689491.73186827,,,486.89491731868264,Basket DAO,,,,,,,749351.7813227352,612.0,31146663.309426162,106501405.10528293,0.08262724196409917,0.0153904211087147
basket-dao,2021-04-21T00:00:00.000Z,,,,,9683334.497905245,54441748.48833346,,,544.4174848833346,Basket DAO,,,,,,,307991.8339140915,611.0,30871791.85721331,95054621.82777107,0.03180638177693006,0.005657273002172079
basket-dao,2021-04-20T00:00:00.000Z,,,,,9601702.43234621,54169967.11396877,,,541.6996711396877,Basket DAO,,,,,,,735523.4734661096,609.0,30355993.25583458,88850414.382256,0.07660344388389694,0.013578067564978098
basket-dao,2021-04-19T00:00:00.000Z,,,,,11714220.852760313,69716622.11636715,,,697.1662211636715,Basket DAO,,,,,,,669477.1560970943,603.0,31907014.89840984,101368101.99137783,0.05715080537681174,0.00960283409858326
basket-dao,2021-04-18T00:00:00.000Z,,,,,13383550.50972209,80874313.3949893,,,808.7431339498929,Basket DAO,,,,,,,1021436.8601760133,613.0,35305247.10843734,101368101.99137783,0.07632032018962534,0.0126299292976662
basket-dao,2021-04-17T00:00:00.000Z,,,,,13731632.197420752,87776851.7109245,,,877.7685171092451,Basket DAO,,,,,,,900269.1537180487,594.0,36618070.12832432,121393866.32149673,0.06556170022432939,0.0102563390708396
basket-dao,2021-04-16T00:00:00.000Z,,,,,14336753.80248767,96092273.68345682,,,960.9227368345682,Basket DAO,,,,,,,1979074.1544868979,627.0,38611998.74986542,115566379.85964999,0.13804199902934058,0.020595559649325
basket-dao,2021-04-15T00:00:00.000Z,,,,,14470715.924180612,101247530.60181081,,,1012.4753060181081,Basket DAO,,,,,,,3331481.0852343827,653.0,33666320.4141538,111829130.62139624,0.23022227115021085,0.0329043193985296
basket-dao,2021-04-14T00:00:00.000Z,,,,,12698497.701992888,94288624.02873045,,,942.8862402873045,Basket DAO,,,,,,,2483112.7162131476,627.0,32655284.13172557,102000595.72709334,0.19554381742522586,0.0263352312306151
basket-dao,2021-04-13T00:00:00.000Z,,,,,10913287.234651955,84575400.52977698,,,845.7540052977697,Basket DAO,,,,,,,2669939.261216541,618.0,28880520.8616829,96813886.06114317,0.24465032430732042,0.0315687451019108
basket-dao,2021-04-12T00:00:00.000Z,,,,,14977461.469563907,122554098.85800885,,,1225.5409885800884,Basket DAO,,,,,,,2600695.4265968753,592.0,27464253.991895262,85145773.76034117,0.1736406020393921,0.021220795149495902
basket-dao,2021-04-11T00:00:00.000Z,,,,,15560027.832419584,135093156.13869292,,,1350.9315613869292,Basket DAO,,,,,,,2630554.730847486,590.0,26213078.037969343,85145773.76034117,0.16905848493192796,0.019472153927226604
basket-dao,2021-04-10T00:00:00.000Z,,,,,8995925.961655723,124588837.02751394,,,1245.8883702751393,Basket DAO,,,,,,,4865146.41430057,584.0,22835702.939048413,78809710.59077741,0.5408166357791063,0.0390496173684177
basket-dao,2021-04-09T00:00:00.000Z,,,,,6636917.507203758,93158821.48252656,,,931.5882148252656,Basket DAO,,,,,,,1324871.5843449961,520.0,17718245.506663725,65898433.23666636,0.1996215235321173,0.0142216438900904
basket-dao,2021-04-08T00:00:00.000Z,,,,,5193130.472840367,79944610.65530951,,,799.4461065530951,Basket DAO,,,,,,,2128498.1218175087,459.0,15726301.388924979,47221545.872911595,0.4098680233337818,0.0266246605539775
basket-dao,2021-04-07T00:00:00.000Z,,,,,4579559.356880443,80962460.04276508,,,809.6246004276509,Basket DAO,,,,,,,1713053.9719597131,393.0,14517097.295647683,42556479.086668074,0.37406524044414413,0.0211586205638374
basket-dao,2021-04-06T00:00:00.000Z,,,,,3427154.8891118597,66972104.00585665,,,669.7210400585665,Basket DAO,,,,,,,1742818.5125991586,311.0,11258649.932513041,34036798.99286538,0.5085321699746131,0.026023051514803098
basket-dao,2021-04-05T00:00:00.000Z,,,,,0.0,42668322.46328493,,,426.6832246328493,Basket DAO,,,,,,,857665.0641246502,242.0,8575876.870386291,28748740.734034766,,0.020100744876076403
basket-dao,2021-04-04T00:00:00.000Z,,,,,0.0,70074720.52454484,,,700.7472052454484,Basket DAO,,,,,,,4505028.969904054,184.0,12121518.942444017,28748740.734034766,,0.0642889323879086
basket-dao,2021-04-03T00:00:00.000Z,,,,,0.0,70074720.52454484,,,700.7472052454484,Basket DAO,,,,,,,4505028.969904054,155.0,14319286.164060552,33427330.432599157,,0.0642889323879086
basket-dao,2021-04-02T00:00:00.000Z,,,,,,,,,,Basket DAO,,,,,,,,64.0,7308667.7085389495,18592614.722212657,,
basket-dao,2021-04-01T00:00:00.000Z,,,,,,,,,,Basket DAO,,,,,,,,52.0,7455080.966440027,17130577.134586934,,
basket-dao,2021-03-31T00:00:00.000Z,,,,,,,,,,Basket DAO,,,,,,,,44.0,7002582.123291986,13449874.775310405,,
basket-dao,2021-03-30T00:00:00.000Z,,,,,,,,,,Basket DAO,,,,,,,,37.0,4063443.431571165,12297145.902251797,,
basket-dao,2021-03-29T00:00:00.000Z,,,,,,,,,,Basket DAO,,,,,,,,28.0,3070924.776905114,9464351.47412204,,
basket-dao,2021-03-28T00:00:00.000Z,,,,,,,,,,Basket DAO,,,,,,,,,149607.16038847,778772.0491215991,,
basket-dao,2021-03-27T00:00:00.000Z,,,,,,,,,,Basket DAO,,,,,,,,,61334.830123758744,250010.20192258363,,
basket-dao,2021-03-26T00:00:00.000Z,,,,,,,,,,Basket DAO,,,,,,,,,42730.813397926475,224999.77078561942,,
basket-dao,2021-03-25T00:00:00.000Z,,,,,,,,,,Basket DAO,,,,,,,,,38532.162168026734,218770.88340931595,,
basket-dao,2021-03-24T00:00:00.000Z,,,,,,,,,,Basket DAO,,,,,,,,,,0.0,,
