prices,market_caps,total_volumes,date
3.443832391414463,219913212.47869825,1802085330.293668,2020-09-17 02:00:00
3.443832391414463,219913212.47869825,1802085330.293668,2020-09-18 02:00:00
7.097694014200204,732822061.0330778,5688408416.882498,2020-09-19 02:00:00
5.702060553834949,647208421.0707141,2050756493.492213,2020-09-20 02:00:00
5.2565793825170735,632421347.516945,1316669226.584856,2020-09-21 02:00:00
4.294819485815088,526520586.45950305,1074198632.0904953,2020-09-22 02:00:00
3.9084488115362754,487186362.8207511,697928916.822781,2020-09-23 02:00:00
4.342896875450136,558449301.5904285,976430280.4460803,2020-09-24 02:00:00
5.138560549020833,670712373.8758416,776760499.8672208,2020-09-25 02:00:00
4.908146351132067,646853075.535181,626823584.8121408,2020-09-26 02:00:00
4.868443821195302,691125372.1503159,363925152.74854934,2020-09-27 02:00:00
4.8449853913098195,689402232.077857,341577705.09212464,2020-09-28 02:00:00
4.25191370645272,622352706.2677807,335772345.2750809,2020-09-29 02:00:00
4.34148712066533,641030584.1185127,279012123.5261533,2020-09-30 02:00:00
4.153261217519703,620840802.3152523,215900631.37764022,2020-10-01 02:00:00
4.243965217954716,636514926.1406465,370977286.8729862,2020-10-02 02:00:00
3.900844835698331,643770085.9726512,326043384.3933095,2020-10-03 02:00:00
3.8944884468656493,704073930.1747521,212356215.25192958,2020-10-04 02:00:00
3.7212077302504327,676286308.1652026,244544989.9204514,2020-10-05 02:00:00
3.3215235896179327,604064456.4319453,298746894.4948947,2020-10-06 02:00:00
2.692316035364427,484435475.7614607,384108414.06590426,2020-10-07 02:00:00
2.9633106457240044,540709193.0312451,438926126.0949557,2020-10-08 02:00:00
3.3087426484261653,603384806.4011482,487646893.72824025,2020-10-09 02:00:00
3.4063702284741098,624766817.7307591,377780662.24262124,2020-10-10 02:00:00
3.298512186270176,605086419.1414492,285868091.8782006,2020-10-11 02:00:00
3.374035991243129,620284007.0059217,198779007.34591478,2020-10-12 02:00:00
3.449721633623474,636858098.7676747,262845150.32599124,2020-10-13 02:00:00
3.3499527005941827,619474718.5315651,156290894.7283672,2020-10-14 02:00:00
3.122753139292542,577560863.213238,260812435.53290272,2020-10-15 02:00:00
3.0775235695166816,573329621.3129594,223937288.66708416,2020-10-16 02:00:00
3.0355792285330785,568053942.0466825,311404752.2546533,2020-10-17 02:00:00
3.07277417246438,573608919.3394606,158485458.09938937,2020-10-18 02:00:00
3.2660325602917597,658475452.6602299,153578565.9021965,2020-10-19 02:00:00
3.1709281832503637,638986846.1577828,177367219.185632,2020-10-20 02:00:00
2.8532854806443173,574630017.2192171,267899120.4802981,2020-10-21 02:00:00
2.9310426313836624,590704390.9094771,242609502.30000964,2020-10-22 02:00:00
3.0305303365473235,613902134.4513645,179057034.57620853,2020-10-23 02:00:00
3.0087042083703275,608790596.9414719,157171970.1050009,2020-10-24 02:00:00
2.941282437459054,594863487.4925164,114649947.17601904,2020-10-25 02:00:00
2.772325304871374,582236710.6524885,138696963.62674186,2020-10-26 01:00:00
2.7106759360451633,569460992.1533448,186029316.91562256,2020-10-27 01:00:00
2.8171776525337426,595487146.8850842,188714502.28583327,2020-10-28 01:00:00
2.6704541290239283,563330287.0275949,147809519.0275576,2020-10-29 01:00:00
2.537363184849842,536652174.1634711,130705348.51051356,2020-10-30 01:00:00
2.4099935458731143,509800102.67010105,219373066.75671974,2020-10-31 01:00:00
2.261015576647059,479933274.3121692,112447743.3022698,2020-11-01 01:00:00
2.3737984793597535,505102350.9126218,123598089.32183826,2020-11-02 01:00:00
2.251773695538215,482105416.860576,129313651.14587164,2020-11-03 01:00:00
2.137337380125421,459013051.13185984,106587850.41473934,2020-11-04 01:00:00
1.9281765822237158,411540818.446762,118641534.8189223,2020-11-05 01:00:00
2.206903889957113,472797950.4393272,344459948.36912775,2020-11-06 01:00:00
2.5486901663521757,546090935.4543844,407112159.3484543,2020-11-07 01:00:00
2.481258831059522,535529641.5250265,491671462.8606986,2020-11-08 01:00:00
2.8768344518769315,620585818.9074469,278969229.5601973,2020-11-09 01:00:00
2.6727746328917497,573849148.3657682,262312751.12296724,2020-11-10 01:00:00
3.0499147801985553,656695052.9585853,285676579.766339,2020-11-11 01:00:00
2.9375999867578084,630203163.1012877,290189822.8639477,2020-11-12 01:00:00
2.9621343171056673,638318912.7352413,266553988.6727794,2020-11-13 01:00:00
3.887205642398383,837054899.1487976,476124356.87531024,2020-11-14 01:00:00
3.811713208353668,824295398.9563959,406943170.6587308,2020-11-15 01:00:00
3.86646064978227,832451942.6779054,416448751.32485884,2020-11-16 01:00:00
3.5777587515325266,770626828.1027259,418257582.48993695,2020-11-17 01:00:00
3.8288876767125397,823469580.4665115,404729766.5233903,2020-11-18 01:00:00
3.464279444082397,744366290.5439156,349115856.6319695,2020-11-19 01:00:00
3.7292267083245254,801066288.3822533,371297515.18057406,2020-11-20 01:00:00
3.841956262293396,823599938.8097627,451935722.0365768,2020-11-21 01:00:00
3.8224979962539907,819420815.5549861,457778339.4355159,2020-11-22 01:00:00
3.682139733095448,798274699.6803893,398423650.61119413,2020-11-23 01:00:00
4.160502959398576,888267428.9186445,500339828.16504496,2020-11-24 01:00:00
4.0532131930398485,875380216.1524823,494435418.46095675,2020-11-25 01:00:00
3.6756591848236986,787449062.6068666,406380440.1326761,2020-11-26 01:00:00
3.425366372063327,733369987.3925536,510984397.6844744,2020-11-27 01:00:00
3.3209595672215624,713179854.7216576,315218115.1560552,2020-11-28 01:00:00
3.462034852545152,743811283.7156703,183770822.29365265,2020-11-29 01:00:00
3.5421268078675268,759264594.5007293,198301875.29683137,2020-11-30 01:00:00
3.7534904564969676,809636090.5766013,280030160.1998901,2020-12-01 01:00:00
3.5610328724095686,766671246.6754014,373303587.5576778,2020-12-02 01:00:00
3.9717235369868873,857916550.9757915,406760837.4708671,2020-12-03 01:00:00
3.8823259032595683,836700609.727124,274648451.3505504,2020-12-04 01:00:00
3.53402576533193,757755073.8714986,221582896.3096745,2020-12-05 01:00:00
3.6833395557210284,792687386.2649285,190879983.04395038,2020-12-06 01:00:00
3.6384933556617765,781382593.6960821,185973044.77553254,2020-12-07 01:00:00
3.760556589402304,808737480.205302,217578687.13042405,2020-12-08 01:00:00
3.2913820712813653,715633175.911876,240351771.39920992,2020-12-09 01:00:00
3.361203998549995,723460573.708362,229534248.81601888,2020-12-10 01:00:00
3.2426462008000745,698376510.5489792,161320792.29777637,2020-12-11 01:00:00
2.969937981631195,640057166.0529337,221350365.76760957,2020-12-12 01:00:00
3.118612137908698,671894509.5713987,135658293.95547333,2020-12-13 01:00:00
3.330154879105268,716172377.566087,153495615.07987532,2020-12-14 01:00:00
3.4930335781541366,749375717.9281832,183939528.11184648,2020-12-15 01:00:00
3.333949272776269,718477508.3040215,166152867.0011512,2020-12-16 01:00:00
3.525317976584329,757153519.1393195,204305925.8169443,2020-12-17 01:00:00
3.689865086597767,790423837.0289786,450100318.7514347,2020-12-18 01:00:00
3.770222155306193,809123722.42147,327609257.4344026,2020-12-19 01:00:00
3.9630910759364646,850581432.1663342,420406907.87859446,2020-12-20 01:00:00
3.7641532671324476,810382324.7022611,275443989.3639796,2020-12-21 01:00:00
3.5282687910962203,759874427.4792111,262940014.01935193,2020-12-22 01:00:00
3.7537021021706765,805673159.5674238,325751402.0600609,2020-12-23 01:00:00
3.319324985614987,721651796.4986829,376531126.06884825,2020-12-24 01:00:00
3.5123352667827676,753575318.6977578,328898688.9358483,2020-12-25 01:00:00
3.5015609706547175,753044951.8807377,256537750.05243066,2020-12-26 01:00:00
3.416389638489307,732677812.4878981,233265501.35565948,2020-12-27 01:00:00
3.6002982043138365,779517935.104836,326236005.2838611,2020-12-28 01:00:00
3.7353916631652893,804350306.086027,223923394.32365412,2020-12-29 01:00:00
3.6739552008416854,795250241.3937147,201739690.8310578,2020-12-30 01:00:00
4.148643644474213,895773489.9060061,378751101.76500857,2020-12-31 01:00:00
5.171078271992416,1099631636.1653872,824702233.5266474,2021-01-01 01:00:00
4.744909770955848,1022200635.8040441,452044945.6698731,2021-01-02 01:00:00
4.8638885945031936,1044423165.7654226,608416547.3842144,2021-01-03 01:00:00
5.414757447881926,1202761112.676848,648980438.6245198,2021-01-04 01:00:00
5.2688424324048215,1126797182.5802603,559103874.0568565,2021-01-05 01:00:00
6.330039540016079,1362188547.6343179,584406673.4967331,2021-01-06 01:00:00
6.40667314597079,1373830072.1371005,506631176.12117565,2021-01-07 01:00:00
6.28002103259672,1347490392.6306486,378737338.54594994,2021-01-08 01:00:00
5.903025778292023,1270376211.550848,509558009.5915883,2021-01-09 01:00:00
6.262801429858156,1357012421.554772,436433006.11123395,2021-01-10 01:00:00
6.018278998231146,1303546945.5403168,446873138.1388761,2021-01-11 01:00:00
5.236977252369884,1121096311.700495,574251384.2802006,2021-01-12 01:00:00
5.559993812411417,1195720707.535306,475763756.95196444,2021-01-13 01:00:00
6.334450385881794,1358006365.812793,471258616.65286165,2021-01-14 01:00:00
6.829704203290314,1455037823.3210673,517580677.1981703,2021-01-15 01:00:00
7.368167682944275,1602472033.421857,760428730.2735196,2021-01-16 01:00:00
8.424171550248074,1813071125.511511,892977151.8689348,2021-01-17 01:00:00
8.671467056811906,1885359961.3471706,783750422.9999478,2021-01-18 01:00:00
9.18860904058513,1956879124.5671573,660717406.6388996,2021-01-19 01:00:00
8.62100745902781,1873169648.1414063,593261834.343645,2021-01-20 01:00:00
9.032074483778295,1935928979.245395,614488308.8302047,2021-01-21 01:00:00
7.637283628607471,1646769126.744525,766163746.432814,2021-01-22 01:00:00
8.711255875570838,1878962888.688168,777303127.8324175,2021-01-23 01:00:00
9.298225615765372,1999895064.9501379,642329832.0118979,2021-01-24 01:00:00
12.008801004555899,3457719717.4881573,1339750287.223756,2021-01-25 01:00:00
11.396887817550288,3257781268.7760725,1258031799.0660536,2021-01-26 01:00:00
13.79671791735524,3910299627.3158913,1870143777.972947,2021-01-27 01:00:00
14.826944209191103,4262672055.7619066,1988424279.4460337,2021-01-28 01:00:00
14.161866549890156,4050510658.044183,1550504012.752839,2021-01-29 01:00:00
15.645275352345399,4457719714.651553,1616973238.7223942,2021-01-30 01:00:00
19.390026684593842,5526735076.374684,2031907840.7746058,2021-01-31 01:00:00
17.638787124819952,5088183581.45538,1777734968.623929,2021-02-01 01:00:00
20.358868956868168,5871493276.726128,1894362308.1348546,2021-02-02 01:00:00
19.072254090511567,5508085635.714836,1417633194.841543,2021-02-03 01:00:00
19.826955201427335,5686308871.089227,1207216842.8498006,2021-02-04 01:00:00
20.046299963873743,5769499937.505494,1359131427.8960867,2021-02-05 01:00:00
21.24196805398914,6321799769.83289,1315724521.5155115,2021-02-06 01:00:00
19.32316884434958,5766938732.57773,1124689339.6259599,2021-02-07 01:00:00
18.582838493435663,5535603356.336959,1135550184.047655,2021-02-08 01:00:00
19.358305970959584,5744354009.214107,1141451176.4957368,2021-02-09 01:00:00
19.513946965897038,5848771610.388897,893395008.2443836,2021-02-10 01:00:00
20.60618481654805,6189233659.319318,1565478791.2300613,2021-02-11 01:00:00
21.473246483515222,6429248007.496799,1010745029.005973,2021-02-12 01:00:00
22.70225567259063,6815508552.601418,1369634694.918432,2021-02-13 01:00:00
21.772030093739797,6540139184.216119,1039214054.5710523,2021-02-14 01:00:00
20.951094824035277,6278943841.250568,836712393.2404209,2021-02-15 01:00:00
19.986754437788473,5982610726.858003,1335067502.9401636,2021-02-16 01:00:00
20.433062816515477,6110386492.831019,950433946.5471517,2021-02-17 01:00:00
21.46977238015718,6427499907.742221,943695978.233675,2021-02-18 01:00:00
21.197035107007075,6335641981.136545,893915503.2540938,2021-02-19 01:00:00
20.16573557832418,6006310925.07141,1020159160.0554446,2021-02-20 01:00:00
28.950034318073403,8538609828.004031,4724011321.893948,2021-02-21 01:00:00
28.99642072286137,8684028167.072233,2784044933.1259685,2021-02-22 01:00:00
27.76431862935422,8280636144.036506,2673881785.2123346,2021-02-23 01:00:00
24.6815553864407,7329621210.892453,3163004782.431511,2021-02-24 01:00:00
25.369173807347188,7586409970.831615,1920254182.885666,2021-02-25 01:00:00
23.253500070929256,7007917770.101435,1468489900.049544,2021-02-26 01:00:00
23.134226150290118,7166061055.355288,1555077298.4778,2021-02-27 01:00:00
23.618194960234987,7245382879.302461,936927724.3313073,2021-02-28 01:00:00
22.159001101083888,6884169920.451811,1089343433.9333875,2021-03-01 01:00:00
25.59269877101533,7871644853.559921,1008174261.7990565,2021-03-02 01:00:00
25.67386785155362,7938770686.177972,1396400772.2835116,2021-03-03 01:00:00
25.486634117740195,7933740066.481902,925993783.7850428,2021-03-04 01:00:00
28.36821522662155,8803390260.277868,2022857205.0127583,2021-03-05 01:00:00
28.30845896105933,8703821762.736952,1404842922.8853452,2021-03-06 01:00:00
28.445598876361355,14785796370.078287,888827927.7244853,2021-03-07 01:00:00
34.621393833045,18000871947.13093,1920823408.536654,2021-03-08 01:00:00
33.47640430849334,17463301675.334435,1612019368.2656958,2021-03-09 01:00:00
32.89108641593648,17055000313.178308,1193543527.6781414,2021-03-10 01:00:00
30.935873695471596,16120109458.45097,1063837175.2574469,2021-03-11 01:00:00
31.033955819076773,16119273801.59986,960033602.6052556,2021-03-12 01:00:00
31.04021663066435,16155326738.583248,1186072896.1438892,2021-03-13 01:00:00
32.441688716023855,16859485766.807154,1289367663.2993128,2021-03-14 01:00:00
31.037886683763894,16125156715.344048,1122780113.965998,2021-03-15 01:00:00
29.673658313051263,15449946475.733334,1155570529.171646,2021-03-16 01:00:00
29.875137275195,15471158515.32795,1050435935.9391568,2021-03-17 01:00:00
31.569448567574476,16441859239.593502,1132299457.9634585,2021-03-18 01:00:00
30.146638520374715,15673535367.824612,672286737.5289786,2021-03-19 01:00:00
33.21978583518823,17308220331.30915,1033158236.7801038,2021-03-20 01:00:00
32.17698744603948,16725882113.925303,1060350155.0867463,2021-03-21 01:00:00
32.93035554410295,17114962741.79377,716047679.7953068,2021-03-22 01:00:00
32.99523398020988,17238680313.11546,1381904225.604729,2021-03-23 01:00:00
31.092701843068866,16055382395.307783,1860453596.6625454,2021-03-24 01:00:00
27.5259305169569,14351045746.375404,1384567626.283326,2021-03-25 01:00:00
26.535513157787733,13766080139.981758,1128204980.870811,2021-03-26 01:00:00
28.97968240145328,14986439483.527382,994080902.7562132,2021-03-27 01:00:00
28.247568576614004,14681213498.574812,875673307.1945412,2021-03-28 01:00:00
27.844293459051542,14479575407.089466,689178656.9249266,2021-03-29 02:00:00
29.041643422657728,15091221585.909716,847402534.0052477,2021-03-30 02:00:00
28.54514844671771,14830155560.657837,734983623.0477979,2021-03-31 02:00:00
28.040616383225696,14611600101.943754,904458391.4378318,2021-04-01 02:00:00
28.709079158061698,14932924434.375237,1060884094.1627505,2021-04-02 02:00:00
30.075659430929772,15638764057.077736,812769149.4402751,2021-04-03 02:00:00
29.507122950273846,15421482342.437128,1265286667.7734768,2021-04-04 02:00:00
31.01591744556072,16153866456.885544,781106912.3643713,2021-04-05 02:00:00
30.73890642419465,15962072689.870068,873130951.2701776,2021-04-06 02:00:00
31.353608762428344,16309533174.93992,1030841238.110863,2021-04-07 02:00:00
28.616200276208147,14935901075.534973,1161207835.3831873,2021-04-08 02:00:00
30.201264605450547,15720242344.032288,784904383.6115807,2021-04-09 02:00:00
29.526547822825073,15391195971.55995,623441889.082578,2021-04-10 02:00:00
29.760904501950478,15457242677.44422,722036765.6834116,2021-04-11 02:00:00
29.91271945032329,15524034940.501959,764898587.5221801,2021-04-12 02:00:00
36.735779630390006,19144430314.82384,2889481177.5018616,2021-04-13 02:00:00
35.50202012840731,18342267583.03701,1708890469.5460348,2021-04-14 02:00:00
36.073858891603614,18760824233.069523,1563535908.9805756,2021-04-15 02:00:00
37.86089086963291,19664554845.7289,1766633578.7179375,2021-04-16 02:00:00
36.23721695811021,18872611505.577892,1448521982.9963844,2021-04-17 02:00:00
34.76754885144198,18166059530.99115,930619611.8500047,2021-04-18 02:00:00
31.781750820759218,16636767225.390648,1710254904.356988,2021-04-19 02:00:00
31.345466854040474,16366385637.621965,1111669225.0515075,2021-04-20 02:00:00
31.968636497777066,16645899118.888922,1182004358.9389002,2021-04-21 02:00:00
33.48270701781829,17489937901.702545,1760452654.9309895,2021-04-22 02:00:00
34.52378462366297,17979588796.227318,2422363805.0182767,2021-04-23 02:00:00
32.938608193053895,17094009322.25015,1835635217.769972,2021-04-24 02:00:00
30.04206519744188,15768347121.559797,845624016.3105899,2021-04-25 02:00:00
33.7408876721244,17504824743.220337,1296891246.483838,2021-04-26 02:00:00
37.94415718429781,19685884166.76706,1427787042.7943268,2021-04-27 02:00:00
39.3945262241258,20462310547.94931,1441551893.2984433,2021-04-28 02:00:00
42.77086929696888,22066932316.44179,2010272799.5539074,2021-04-29 02:00:00
41.28410891505423,21517770855.962162,1436741925.8732455,2021-04-30 02:00:00
40.5754054233366,20966193258.520176,1272830731.9388618,2021-05-01 02:00:00
40.08584326017409,20835088800.041653,964031038.6379355,2021-05-02 02:00:00
42.417421270916286,22067117153.79229,1323773729.3610675,2021-05-03 02:00:00
42.322693386419,22048979110.985138,1408960631.853989,2021-05-04 02:00:00
42.88409662272933,22531045773.149952,1954476083.0829344,2021-05-05 02:00:00
42.47966845388079,21999590396.306828,1720124312.493284,2021-05-06 02:00:00
40.198406510099,20962663814.783005,1396000538.6622086,2021-05-07 02:00:00
39.77171645958462,20632351275.40186,1221999973.987672,2021-05-08 02:00:00
40.42370981187069,20932492819.19116,977685689.8255162,2021-05-09 02:00:00
39.4754067045649,20524013783.96639,892216906.0464505,2021-05-10 02:00:00
36.454616478099474,19013078262.77166,1183918067.8499138,2021-05-11 02:00:00
38.555430916027646,19963462059.02463,942658968.5069667,2021-05-12 02:00:00
37.40945146400453,20098489560.89826,2133706915.0563972,2021-05-13 02:00:00
37.51936038935535,19299424611.485252,1744373142.223216,2021-05-14 02:00:00
40.22544259508307,20911930977.554783,1045198452.0654036,2021-05-15 02:00:00
36.55976613318917,19080609069.71218,1294761149.773782,2021-05-16 02:00:00
36.43459798239508,18911255214.574574,1081920780.3901498,2021-05-17 02:00:00
33.18296109492979,17486595786.410786,1169372530.2762883,2021-05-18 02:00:00
35.231647792055035,18180660856.575863,1070183144.2233391,2021-05-19 02:00:00
23.625986818896006,12602366216.180325,2347113052.2678595,2021-05-20 02:00:00
26.30903252569058,13622752331.077631,1497329159.6214447,2021-05-21 02:00:00
21.781769473055505,11295503726.290405,1297490718.634286,2021-05-22 02:00:00
20.460067083643683,10639247156.097713,896183979.1636194,2021-05-23 02:00:00
16.913349979685155,8778467225.508617,1347195505.5785525,2021-05-24 02:00:00
24.579134515943508,12878834883.380674,1560905596.6696143,2021-05-25 02:00:00
25.129927338613786,13108865636.031528,1417237167.7640603,2021-05-26 02:00:00
29.256707236847536,15192076749.16924,1120612438.329353,2021-05-27 02:00:00
28.615899227629843,14836553003.975842,1048647538.733989,2021-05-28 02:00:00
25.932450370779268,13549096794.244926,1086783846.448085,2021-05-29 02:00:00
23.18797655591545,12177437998.951092,823387645.3608849,2021-05-30 02:00:00
25.72221760366559,13344983979.306942,804144402.1001518,2021-05-31 02:00:00
28.278773730108192,14714510558.33837,1083684313.7629218,2021-06-01 02:00:00
27.37967331184594,14266743888.35211,800121553.8413837,2021-06-02 02:00:00
27.733691070025866,14403678265.638166,613791896.4466391,2021-06-03 02:00:00
28.75424608109411,14968848107.548033,567018549.9068279,2021-06-04 02:00:00
26.500007502544737,13806645099.143055,556617698.4203678,2021-06-05 02:00:00
25.62425935827629,13236003245.768808,416708186.25985104,2021-06-06 02:00:00
25.849304501320383,13451367318.93007,302334554.09403217,2021-06-07 02:00:00
23.998196888658022,12613482619.683756,469406081.3803765,2021-06-08 02:00:00
23.50606219407111,12280851126.168135,573377787.478617,2021-06-09 02:00:00
25.172290372942854,13141278620.335745,656660732.7143261,2021-06-10 02:00:00
23.562079975609862,12312757983.7179,393388135.73774356,2021-06-11 02:00:00
21.838306026417136,11344352129.472044,345103511.8275833,2021-06-12 02:00:00
21.378808119329204,11166271682.472525,346713410.0183862,2021-06-13 02:00:00
23.388039703826532,12049808148.719368,376549534.9242012,2021-06-14 02:00:00
24.264196404895344,12606959726.758831,413319010.2966569,2021-06-15 02:00:00
23.577694536943426,12276513822.119081,267487502.67906892,2021-06-16 02:00:00
21.75109184219665,11297376211.979023,295392167.1372831,2021-06-17 02:00:00
22.22397138305936,11471300283.315557,234616308.5022973,2021-06-18 02:00:00
20.373643563724542,10602984406.393543,285357050.2664139,2021-06-19 02:00:00
19.890780818849283,10330166414.915752,213488836.21143046,2021-06-20 02:00:00
20.816261009063304,10823711568.175325,315251721.43097115,2021-06-21 02:00:00
15.970704786655926,8387199550.742471,537297119.7960297,2021-06-22 02:00:00
16.370259750854522,8477216957.694404,698852933.9350687,2021-06-23 02:00:00
17.829456504097095,9264928093.310345,479912622.4184925,2021-06-24 02:00:00
18.0667151242022,9393951389.235577,302161046.380925,2021-06-25 02:00:00
16.172249519318125,8426299423.967163,317218521.35496515,2021-06-26 02:00:00
16.008507036063964,8290522738.662094,244698897.6870538,2021-06-27 02:00:00
17.05550488466715,8855850307.056557,215956467.69514182,2021-06-28 02:00:00
17.748392141619405,9235160280.727997,253662366.82440746,2021-06-29 02:00:00
18.617033293943404,9707709129.910637,333680340.3347164,2021-06-30 02:00:00
19.26720516591401,10017017557.895962,347044248.527958,2021-07-01 02:00:00
17.96679464680169,9333359969.878733,286288256.61330616,2021-07-02 02:00:00
18.232300860715522,9462758032.177608,220023562.3764466,2021-07-03 02:00:00
19.41652670979206,10088655008.249132,245778943.5241342,2021-07-04 02:00:00
20.872129596324438,10850342434.162794,486979400.4397563,2021-07-05 02:00:00
20.22755365275236,10525832017.973541,422466660.20331514,2021-07-06 02:00:00
22.3445214884392,11608802353.412985,739973645.6841846,2021-07-07 02:00:00
22.410617142857696,11650837813.605581,429667893.0750782,2021-07-08 02:00:00
20.429657254052934,10616133374.327568,379510267.2532497,2021-07-09 02:00:00
21.093212814029208,10965693623.299467,321418439.99853414,2021-07-10 02:00:00
20.344892225542416,10577796005.170385,212659432.42385218,2021-07-11 02:00:00
20.670512408907033,10745319594.74598,187421690.5196427,2021-07-12 02:00:00
19.650443237701566,10203811744.744122,267560547.31672803,2021-07-13 02:00:00
18.395776782872908,9544733423.366758,272157542.0496149,2021-07-14 02:00:00
17.90782844904562,9290650396.4871,421654603.94232076,2021-07-15 02:00:00
16.971667330116354,8830047975.515186,312619907.32282937,2021-07-16 02:00:00
16.379294474128713,8476614924.481534,266681158.65134493,2021-07-17 02:00:00
16.118714317230314,8387277898.2564335,247664806.27993363,2021-07-18 02:00:00
16.45270336749149,8554255182.256148,250496328.28444934,2021-07-19 02:00:00
15.759299836874757,8262119707.662116,303121489.4236345,2021-07-20 02:00:00
14.636733740674124,7631443233.002677,295482578.0379,2021-07-21 02:00:00
16.768448517662996,8689643628.797651,384141492.3870195,2021-07-22 02:00:00
17.599181819826054,9149059873.91254,310071792.08237046,2021-07-23 02:00:00
18.617164835114142,9652174791.000511,355034093.2487028,2021-07-24 02:00:00
18.283330956972087,9505862254.81691,285379632.8571276,2021-07-25 02:00:00
18.383557953902127,9563991875.950897,277562389.1273952,2021-07-26 02:00:00
18.57870420102536,9684226981.427572,503649048.520901,2021-07-27 02:00:00
18.731983667535037,9722571438.938078,372578995.64020014,2021-07-28 02:00:00
19.07803500737772,9913956668.465853,385362059.2539111,2021-07-29 02:00:00
19.546490989603406,10188404386.786572,333570030.88653743,2021-07-30 02:00:00
21.000309981643756,10914562607.27556,514663303.007334,2021-07-31 02:00:00
21.90700669271654,11388284080.773903,410758851.2426803,2021-08-01 02:00:00
22.050857431867442,11374697963.401554,475683658.3046339,2021-08-02 02:00:00
22.468917766292304,11713474226.219545,425771626.1368887,2021-08-03 02:00:00
21.41376815339753,11132368109.49126,414981350.9002622,2021-08-04 02:00:00
23.546564925203725,12203745070.555143,552814277.791703,2021-08-05 02:00:00
25.364984329625802,13185352005.618793,699296574.8443508,2021-08-06 02:00:00
26.214585749633507,13638910793.55033,490333635.44662476,2021-08-07 02:00:00
28.30665016473112,14632225045.70902,640825905.2788377,2021-08-08 02:00:00
26.6531195206146,13848908166.127323,432207756.86523604,2021-08-09 02:00:00
28.42273296218297,14573644344.62927,559545305.4371892,2021-08-10 02:00:00
28.868715507562644,15013840775.823084,724256684.5684078,2021-08-11 02:00:00
29.031721500927375,15074057039.901127,652752265.9145696,2021-08-12 02:00:00
28.028754374629905,14535927994.461237,569346100.5724059,2021-08-13 02:00:00
30.52004018660741,15856553007.358017,554988172.7884215,2021-08-14 02:00:00
30.13190406546406,15709168426.900194,487706691.2486086,2021-08-15 02:00:00
30.229737157087037,15696675064.012932,398902724.6627441,2021-08-16 02:00:00
29.218431294975854,15369230973.244715,546782677.8158648,2021-08-17 02:00:00
26.35032936668778,13754741700.155434,767742020.8837827,2021-08-18 02:00:00
26.630549471228242,13939845220.537468,627293390.046418,2021-08-19 02:00:00
27.643619146577965,14176608464.345716,507667360.0519697,2021-08-20 02:00:00
28.738833900684718,14905083711.957464,442776320.4657239,2021-08-21 02:00:00
28.291433894164413,14703038938.084696,407137434.55326855,2021-08-22 02:00:00
28.42693985918856,14791766057.127138,383614067.72628266,2021-08-23 02:00:00
28.75728667351617,14987643095.19138,386748324.09930193,2021-08-24 02:00:00
26.77179065368033,13915252559.242048,422140396.1266143,2021-08-25 02:00:00
27.077363423424202,14097395315.886988,333577741.1507848,2021-08-26 02:00:00
25.862155444264562,13527339633.983707,363793501.6424933,2021-08-27 02:00:00
27.321717596132913,14213954708.107561,360776831.10807395,2021-08-28 02:00:00
26.837906981641478,13943939694.124075,223173120.5389269,2021-08-29 02:00:00
26.807944322685128,13913928721.295958,284267513.9509906,2021-08-30 02:00:00
26.885263942461396,13907754624.550062,402930910.5194873,2021-08-31 02:00:00
29.584571334506826,15407946680.882442,783954256.7844257,2021-09-01 02:00:00
31.046203646618423,16128419939.488716,877875674.6056006,2021-09-02 02:00:00
30.040142481537107,15623666079.300167,447984348.17267776,2021-09-03 02:00:00
28.623355682511562,14865045190.274055,954422714.9122263,2021-09-04 02:00:00
28.665792727999378,14958201738.923065,474162337.7009957,2021-09-05 02:00:00
29.311467400794093,15209137505.750956,427663408.8834084,2021-09-06 02:00:00
28.9857681418722,15099884141.550049,693745684.0444742,2021-09-07 02:00:00
24.3863918447837,12666014861.150581,1253299880.9540975,2021-09-08 02:00:00
23.22861441308951,12086066790.036985,769781310.3119571,2021-09-09 02:00:00
23.32336275031101,12160029204.92636,559191926.9142579,2021-09-10 02:00:00
22.239953599431,11542729782.078453,457902342.61321795,2021-09-11 02:00:00
22.700283175074414,11798032959.641006,321145858.24093807,2021-09-12 02:00:00
23.76869187716002,12383055974.262342,403802698.38031536,2021-09-13 02:00:00
22.771388719460557,11820309693.926575,444930553.3328914,2021-09-14 02:00:00
25.720757464694312,13398897666.149889,570879782.192722,2021-09-15 02:00:00
27.336005128349605,14240178335.679047,608722043.915363,2021-09-16 02:00:00
26.308136967057173,13659160597.02458,564251576.4125971,2021-09-17 02:00:00
24.259108602571118,12674179714.18533,433400713.3422504,2021-09-18 02:00:00
24.472819261661684,12709544325.478378,246937881.13616136,2021-09-19 02:00:00
23.90966517887373,12440989942.969387,214205298.33376074,2021-09-20 02:00:00
20.804334039491096,10765678763.924232,532993825.9955752,2021-09-21 02:00:00
18.890292091538726,9794322823.098135,495596372.6922228,2021-09-22 02:00:00
21.503103783527575,11154749131.830667,447596020.9366132,2021-09-23 02:00:00
21.550892752146577,11202622681.346418,262156345.59227794,2021-09-24 02:00:00
19.61618782407427,10234832653.054922,432897752.10196656,2021-09-25 02:00:00
19.5730661248006,10175032976.193539,265078098.44406733,2021-09-26 02:00:00
23.89103927141869,12335326028.85768,1583534191.8509574,2021-09-27 02:00:00
22.401602671180427,11705363838.061554,1066548559.201311,2021-09-28 02:00:00
22.92769637259505,11941770347.722538,1290304392.0435529,2021-09-29 02:00:00
23.027737869615603,11953447834.325663,780794940.0415272,2021-09-30 02:00:00
23.444191741619605,12160020538.521397,517424055.80485976,2021-10-01 02:00:00
25.649286449470036,13277805312.414595,700423037.2220021,2021-10-02 02:00:00
26.179755695964374,13605115540.597916,594393104.3635079,2021-10-03 02:00:00
26.04467964146302,13544155546.82248,343004136.67424315,2021-10-04 02:00:00
25.30198270800669,13186914971.83756,402599015.45757943,2021-10-05 02:00:00
25.68138434437301,13374376468.79977,375749110.0562405,2021-10-06 02:00:00
25.320647294586117,13161254609.740164,424072459.6737592,2021-10-07 02:00:00
25.58976334289405,13290767666.732708,374299517.9287694,2021-10-08 02:00:00
24.71668626322126,12877029267.88737,320602934.3428465,2021-10-09 02:00:00
25.188946781577314,13112639636.089043,246026272.24079916,2021-10-10 02:00:00
24.25958741977626,12596667450.01749,298370108.99057794,2021-10-11 02:00:00
24.173775112369412,12538232546.85345,272560317.22561675,2021-10-12 02:00:00
23.3974468484304,12176411994.978714,277583514.93383485,2021-10-13 02:00:00
24.659355079343797,12807967415.35932,612128286.424876,2021-10-14 02:00:00
26.287032072807154,13655956591.022598,463096854.76787454,2021-10-15 02:00:00
25.959057583396287,13469626951.61446,467610593.4761424,2021-10-16 02:00:00
27.115156511010372,14109694105.964958,490412060.36575466,2021-10-17 02:00:00
25.956708048552454,13517782444.022202,362912523.4963745,2021-10-18 02:00:00
25.45183909327181,13249316619.383533,381059639.28097886,2021-10-19 02:00:00
26.055926937919846,13521198538.479465,235616325.6185462,2021-10-20 02:00:00
27.061804141763936,14116940632.190317,282780675.53800875,2021-10-21 02:00:00
26.136095297178066,13620429173.75453,360470398.49380153,2021-10-22 02:00:00
25.737745960793273,13396792973.20243,316915450.5564987,2021-10-23 02:00:00
26.895967517648277,13991892055.482813,239143362.51760715,2021-10-24 02:00:00
25.902067523263014,13436193398.80736,233726870.8243837,2021-10-25 02:00:00
26.750025601213512,13876299668.889229,221176714.29690504,2021-10-26 02:00:00
26.57560130933984,13863398310.464426,519809746.0227959,2021-10-27 02:00:00
24.27394983657263,12621541966.392387,631783400.6071733,2021-10-28 02:00:00
24.93149288604943,12892763063.118904,404365417.4404958,2021-10-29 02:00:00
25.386267520044495,13216408015.20217,275110408.0008915,2021-10-30 02:00:00
24.86926669144443,12931601553.448347,174909252.06662568,2021-10-31 02:00:00
25.011298870406137,13016475092.944597,196887636.83941272,2021-11-01 01:00:00
25.684430663504198,13320068600.346914,325966171.10612214,2021-11-02 01:00:00
26.186411835532677,13613199661.370922,240004866.09131107,2021-11-03 01:00:00
26.820991603723186,13939660255.072443,432736108.73912287,2021-11-04 01:00:00
25.848940310613933,13332587493.122667,374650977.7138912,2021-11-05 01:00:00
25.66873466870404,13331260347.526468,279022815.7785823,2021-11-06 01:00:00
25.174340117666308,13076005779.500847,221034141.72072372,2021-11-07 01:00:00
25.417209638018548,13211821545.092915,142846713.19310066,2021-11-08 01:00:00
26.264021602674635,13725860573.632618,316870671.19881797,2021-11-09 01:00:00
26.394726357209127,13715816807.319756,491603513.1992169,2021-11-10 01:00:00
25.35358811562353,13136983216.709534,669815422.1928518,2021-11-11 01:00:00
25.499125965432686,13244138246.010714,297645670.53125006,2021-11-12 01:00:00
24.67103241828684,12791948273.388115,263284355.60103837,2021-11-13 01:00:00
24.754864235929144,12870930023.999826,151320123.18706572,2021-11-14 01:00:00
24.670772800228296,12760905804.825857,146910206.71877486,2021-11-15 01:00:00
24.087916667441473,10913264374.690987,229177550.953874,2021-11-16 01:00:00
21.806468653815546,9888225316.591719,476385159.5100474,2021-11-17 01:00:00
21.969649131520242,9889058522.679012,247906181.61374262,2021-11-18 01:00:00
20.05158583805857,9070582651.71532,294366411.0934441,2021-11-19 01:00:00
21.304314237857245,9610398035.361753,208319586.15252754,2021-11-20 01:00:00
22.084774165189376,9993833783.07725,176706364.5645827,2021-11-21 01:00:00
21.891278757622704,9948254980.979748,140874640.9469183,2021-11-22 01:00:00
21.009992507374793,9504718616.516567,273495206.091423,2021-11-23 01:00:00
22.21686894778159,10066987312.425707,239152711.74100003,2021-11-24 01:00:00
20.803458368586636,9416239526.669228,211810003.99384075,2021-11-25 01:00:00
21.358945729460117,9682038994.951204,212616477.46584344,2021-11-26 01:00:00
19.235845344059115,8723435955.020412,259627590.1347406,2021-11-27 01:00:00
19.391606140942276,8762994782.117992,136997332.621681,2021-11-28 01:00:00
20.153853948586786,9129278048.595253,230952471.64708793,2021-11-29 01:00:00
20.29900441101022,9207203592.374037,186503290.99447426,2021-11-30 01:00:00
21.13669846607353,9552390672.58735,265088533.7885257,2021-12-01 01:00:00
21.000235442858717,9510282840.83456,1442110523.8328638,2021-12-02 01:00:00
22.410591780861726,10179540979.144365,528379668.84629166,2021-12-03 01:00:00
20.00089128703292,9091030086.16253,350186791.9662855,2021-12-04 01:00:00
17.158542762267786,7744403218.243596,666558587.5187391,2021-12-05 01:00:00
16.502373313763545,7464310711.589789,252732765.0444307,2021-12-06 01:00:00
17.36494075887961,7864089526.276569,312164904.99461937,2021-12-07 01:00:00
17.182460282360324,7756283239.280649,248443038.0032914,2021-12-08 01:00:00
18.617777852630475,8420623180.051245,339747630.2110108,2021-12-09 01:00:00
16.29163597776951,7415821822.4717455,222285915.32513908,2021-12-10 01:00:00
15.21049069997762,6945579696.047356,224213820.00092262,2021-12-11 01:00:00
15.86968723476298,7188199474.414531,234184794.2909364,2021-12-12 01:00:00
15.995855683677975,7236036545.745928,117043567.16608891,2021-12-13 01:00:00
14.168878818136777,6405984609.041324,191162356.95425445,2021-12-14 01:00:00
14.975146635898753,6760600797.510072,154326906.40696946,2021-12-15 01:00:00
15.208929189148954,6873747914.790969,184226251.340373,2021-12-16 01:00:00
14.418605204408896,6509173367.275765,164456010.6876684,2021-12-17 01:00:00
14.995422443035723,6780760105.392688,173354577.4688836,2021-12-18 01:00:00
15.6035029794557,7079436114.854531,272350359.0339215,2021-12-19 01:00:00
14.959625340689453,6812863161.629472,163883727.8687343,2021-12-20 01:00:00
14.530517192162566,6611242460.677133,192997528.0838154,2021-12-21 01:00:00
15.092040775445797,6836206763.939692,122244219.32420419,2021-12-22 01:00:00
16.217342471774156,7300839750.974775,294587585.91815317,2021-12-23 01:00:00
18.192447300688,8254251151.597789,447561502.94980836,2021-12-24 01:00:00
17.505148846217573,7918724485.184883,290641060.3945436,2021-12-25 01:00:00
17.537060100939087,7945507642.388939,187727004.90565735,2021-12-26 01:00:00
18.676675766974135,8456341814.067242,297810185.67494124,2021-12-27 01:00:00
19.119611915933174,8696115030.120722,386293727.1779752,2021-12-28 01:00:00
18.466954809675723,8420176951.428101,546891039.1464801,2021-12-29 01:00:00
17.139968666548977,7671892844.642082,487610754.7416053,2021-12-30 01:00:00
17.788046793465686,8019700129.286913,267822524.47823623,2021-12-31 01:00:00
17.05830184651069,7753293078.668879,329523183.0561472,2022-01-01 01:00:00
17.501847838535845,7871351888.593128,193649960.12109536,2022-01-02 01:00:00
18.348436916562584,8343500803.632382,200986078.31763113,2022-01-03 01:00:00
18.438001548948492,8317395673.941978,349235836.40987164,2022-01-04 01:00:00
18.34947387011855,8379921295.02585,367529749.3567232,2022-01-05 01:00:00
17.262822629223788,7817771109.9296255,598856112.4889485,2022-01-06 01:00:00
17.112550442129038,7771888608.8541565,371135407.1952639,2022-01-07 01:00:00
15.79027176297993,7162044295.704788,342193383.9076947,2022-01-08 01:00:00
14.927288377919501,6790463199.234768,210466197.29423183,2022-01-09 01:00:00
15.823337635503357,7121755730.477916,187782680.85240766,2022-01-10 01:00:00
15.153966304360306,6860283160.319833,333262112.5922411,2022-01-11 01:00:00
15.97779568078496,7245529400.23944,244065462.98323056,2022-01-12 01:00:00
16.290485912012684,7388383969.861952,187540953.95189214,2022-01-13 01:00:00
15.52612016492403,7028508057.289675,197545035.8897999,2022-01-14 01:00:00
15.8994070060301,7150804294.586346,164792850.67984357,2022-01-15 01:00:00
16.51926189795963,7456401715.77056,172548231.7274185,2022-01-16 01:00:00
17.817398456993278,8061471199.847374,283876395.29941833,2022-01-17 01:00:00
16.67824658931984,7548770207.648419,228585499.62698308,2022-01-18 01:00:00
16.0275417539339,7261510283.540719,322581583.96439093,2022-01-19 01:00:00
15.227559180256545,6927607148.945237,177065025.7891576,2022-01-20 01:00:00
14.506779564061542,6594573194.418234,187145589.32718566,2022-01-21 01:00:00
12.686008497168798,5772334730.960954,317049832.75441504,2022-01-22 01:00:00
11.136930996808857,5017654024.921903,441031582.29041904,2022-01-23 01:00:00
11.45787883753577,5198687603.027313,252834532.7666554,2022-01-24 01:00:00
10.706164212693748,4853155187.423784,345513535.14553297,2022-01-25 01:00:00
10.6016952239072,4811642019.716672,146509053.0415314,2022-01-26 01:00:00
10.586966442085584,4813169166.37918,190402572.4705652,2022-01-27 01:00:00
10.354887538487832,4685739364.015536,222642076.97784084,2022-01-28 01:00:00
10.64818653341198,4821733206.321168,140599201.13813204,2022-01-29 01:00:00
11.160835080693072,5029897517.126268,140517292.4636067,2022-01-30 01:00:00
10.812983496148206,4891557632.007505,121674779.18687208,2022-01-31 01:00:00
11.821568758106157,5350103702.135525,188686362.69292253,2022-02-01 01:00:00
11.131706866519266,5081481681.628662,201198953.96225333,2022-02-02 01:00:00
10.527186084555577,4797674242.8635235,155703800.61764374,2022-02-03 01:00:00
10.37585211640912,4721507053.301103,145052882.76761064,2022-02-04 01:00:00
11.16271937446284,5051122013.318024,206975026.31835535,2022-02-05 01:00:00
11.27329712435244,5158545600.0009365,223355185.9222134,2022-02-06 01:00:00
11.672352622949472,5282571242.457044,139776285.46359187,2022-02-07 01:00:00
12.420315055798907,5701985420.204432,338109747.5841357,2022-02-08 01:00:00
11.975032782531308,5456125250.838112,298060077.8186966,2022-02-09 01:00:00
12.341530975173566,5637974827.683045,203745379.37944034,2022-02-10 01:00:00
11.466955084830381,5231067791.780671,217946924.1484444,2022-02-11 01:00:00
10.639600061772352,4839679349.986822,159487919.51773322,2022-02-12 01:00:00
10.631060675233787,4834121994.740909,118674741.92915803,2022-02-13 01:00:00
10.40167687026673,4745683194.2879095,100356151.11160272,2022-02-14 01:00:00
10.633201833377699,4857521464.93458,103155997.53266482,2022-02-15 01:00:00
11.457872478769238,5247839830.258367,144847656.4648082,2022-02-16 01:00:00
11.275430657190888,5182355554.16489,162316059.798238,2022-02-17 01:00:00
10.384682910361432,4738850792.654248,143764591.73775673,2022-02-18 01:00:00
10.188848988445855,4664136975.573783,278756735.6909444,2022-02-19 01:00:00
10.042087530766615,4578536050.050418,320490928.6926976,2022-02-20 01:00:00
9.372992760251742,4304788308.464038,226955309.62626088,2022-02-21 01:00:00
8.575630302435522,3920300517.890558,219848531.99416193,2022-02-22 01:00:00
8.885495196593787,4058842543.3751054,204967875.77835262,2022-02-23 01:00:00
8.796991216521429,4025018293.9636965,156268305.07420203,2022-02-24 01:00:00
8.826630645067649,4020537310.301049,320695697.72649723,2022-02-25 01:00:00
9.253796653291035,4237673500.2755446,167619274.40524194,2022-02-26 01:00:00
9.012953852573915,4107259774.6016736,125974287.46945135,2022-02-27 01:00:00
9.831894657903522,4478401196.315649,339481367.52301085,2022-02-28 01:00:00
10.525030747660848,4787537581.346277,341529733.9484143,2022-03-01 01:00:00
10.342881712205621,4714482329.881444,267936948.590012,2022-03-02 01:00:00
10.043152390513903,4576049355.918441,202766777.1092666,2022-03-03 01:00:00
9.55347753255036,4376770206.565952,146606100.28905657,2022-03-04 01:00:00
8.79532908289581,4025606412.3001933,150911972.45021883,2022-03-05 01:00:00
9.027803425756073,4110442815.9722443,111642726.49075088,2022-03-06 01:00:00
8.480805436031925,3874731289.728572,126572801.95996918,2022-03-07 01:00:00
8.331288430352368,3812712780.8547807,163558541.98425993,2022-03-08 01:00:00
8.831294622955216,4035386858.4241767,167043184.94718587,2022-03-09 01:00:00
9.19975901329359,4194225959.9891334,196495607.10922635,2022-03-10 01:00:00
8.678539792235188,3962379574.427554,164760251.56611413,2022-03-11 01:00:00
8.547459478634407,3915053739.951719,153854400.74473712,2022-03-12 01:00:00
8.491282470755426,3879549735.9610705,110647689.17694634,2022-03-13 01:00:00
8.18972381808795,3735854603.17436,101924400.69666795,2022-03-14 01:00:00
8.479568026782994,3870636331.3589215,127334053.13374445,2022-03-15 01:00:00
8.704165867026969,3983593852.336534,123839923.33120614,2022-03-16 01:00:00
9.094631529597489,4184960568.7826314,195345740.94933137,2022-03-17 01:00:00
9.229875962920401,4204808399.964854,151673394.35907906,2022-03-18 01:00:00
9.648556773082635,4405149546.824707,173550796.69008273,2022-03-19 01:00:00
9.701114346800242,4425351860.54216,240108370.14121893,2022-03-20 01:00:00
9.32121611899287,4256486480.5230384,153390474.48299477,2022-03-21 01:00:00
9.340437810217253,4241776802.904745,176215313.93668678,2022-03-22 01:00:00
9.754439051132483,4458552368.256108,235868859.8862974,2022-03-23 01:00:00
9.959023245120845,4538889445.363732,176500242.80752155,2022-03-24 01:00:00
10.756056740794612,4916324686.155008,248534317.08586955,2022-03-25 01:00:00
10.59594867132352,4834139133.941004,241682607.9178862,2022-03-26 01:00:00
10.590299176671197,4831873621.240823,131336479.91339953,2022-03-27 01:00:00
11.36912551184716,5187071219.785837,211625094.50361976,2022-03-28 02:00:00
10.905331187795923,5035856922.383954,276939594.787252,2022-03-29 02:00:00
11.235609339077042,5128474101.903624,292037060.0525693,2022-03-30 02:00:00
11.723972479629662,5371278314.605804,341394902.58277303,2022-03-31 02:00:00
11.273916790342348,5113517891.073793,411807353.2931195,2022-04-01 02:00:00
11.561870189207653,5274434746.579509,317202808.29444736,2022-04-02 02:00:00
11.641440983466449,5356540270.200389,325152865.2463068,2022-04-03 02:00:00
11.840640165823816,5397825242.733619,255464050.99341494,2022-04-04 02:00:00
11.514511858623413,5245982095.301616,298104491.495006,2022-04-05 02:00:00
11.121389726901944,5097265687.918117,198454846.53311127,2022-04-06 02:00:00
9.958215434995202,4574274288.348962,259628205.591478,2022-04-07 02:00:00
10.50879462071014,4801989903.250153,173246571.47927883,2022-04-08 02:00:00
9.70001578202308,4411239545.1249695,170605232.63379654,2022-04-09 02:00:00
10.061683612231342,4592010164.481435,141330229.9242992,2022-04-10 02:00:00
9.899916003377163,4554458781.281416,129232414.95120221,2022-04-11 02:00:00
8.97334692774228,4108833899.3789945,196401823.44663894,2022-04-12 02:00:00
9.338132942483872,4258624291.0815225,154454554.0060409,2022-04-13 02:00:00
9.669931169849665,4417528136.223829,173476317.4550886,2022-04-14 02:00:00
9.480959756074112,4332695040.341895,241774505.6341256,2022-04-15 02:00:00
9.782725248147651,4464839715.595794,212769873.7445336,2022-04-16 02:00:00
9.681017668747264,4420026618.365196,123148473.38237214,2022-04-17 02:00:00
9.248984012533617,4210176506.8919177,108728932.05616748,2022-04-18 02:00:00
9.408531797888667,4284331897.210475,190254311.91027102,2022-04-19 02:00:00
9.542325418552261,4355102439.108299,184917575.47011477,2022-04-20 02:00:00
9.31565527349184,4249790881.919595,228786826.19602737,2022-04-21 02:00:00
8.854250696565396,4036339289.5998187,269622259.59249705,2022-04-22 02:00:00
8.914595923843425,4062047232.8331885,235387003.6082136,2022-04-23 02:00:00
8.92756022046748,4089790091.8392262,198552473.5170905,2022-04-24 02:00:00
8.708833045879937,3986891472.1637936,146677989.0901207,2022-04-25 02:00:00
8.748473414451308,3993084205.0305014,187117186.9427658,2022-04-26 02:00:00
7.989289101125338,3644347510.9572425,145441709.45052564,2022-04-27 02:00:00
8.208366291126188,3745292827.8910937,125434522.90553276,2022-04-28 02:00:00
8.159683772882001,3723644917.506213,130543645.5100539,2022-04-29 02:00:00
7.631518579426889,3484938981.1340513,163917976.32224727,2022-04-30 02:00:00
6.797648835249359,3102491916.639066,172927933.8320396,2022-05-01 02:00:00
7.128141302793755,3254761881.6529202,179026086.7847157,2022-05-02 02:00:00
6.943098533196583,3172746796.58764,137409676.82355812,2022-05-03 02:00:00
6.859513750837496,3129667065.4508405,121995280.32948676,2022-05-04 02:00:00
7.967551131287762,3630133118.8537292,205861823.5495361,2022-05-05 02:00:00
7.333328468495086,3333194180.734084,213334177.89321706,2022-05-06 02:00:00
7.629119192993809,3483253624.870725,215152378.03268862,2022-05-07 02:00:00
7.192052219084856,3289505348.971894,214880501.59788293,2022-05-08 02:00:00
7.103723824784541,3249417427.6207275,187047484.56010005,2022-05-09 02:00:00
6.028475447233021,2779604665.6080413,300454510.050868,2022-05-10 02:00:00
6.065574442691099,2766560088.0572615,300253201.50196445,2022-05-11 02:00:00
4.865179130268883,2231130704.7249503,418461145.8330321,2022-05-12 02:00:00
4.682426161647365,2160254656.6190715,291692043.75473946,2022-05-13 02:00:00
5.081028180473558,2310355264.678907,176479881.51784235,2022-05-14 02:00:00
5.196500559588547,2370053323.7891383,153557763.4741943,2022-05-15 02:00:00
5.448514899153683,2483831971.813869,141912477.8925957,2022-05-16 02:00:00
5.044071874021496,2304277543.094121,141209299.0171937,2022-05-17 02:00:00
5.488522943509913,2503550357.157436,145869807.6904334,2022-05-18 02:00:00
4.889554713303301,2233139018.796584,126666412.53239416,2022-05-19 02:00:00
5.196582889899486,2372592744.037563,136719783.05882594,2022-05-20 02:00:00
5.1133478977269196,2334568902.256062,146065626.23914576,2022-05-21 02:00:00
5.2545475621497895,2398287637.3256283,103437975.0501693,2022-05-22 02:00:00
5.512927698138637,2521147054.2102375,109062718.26581852,2022-05-23 02:00:00
5.624137432668483,2565164296.739303,184248874.317606,2022-05-24 02:00:00
5.59727775141041,2554018625.184302,165675098.31074482,2022-05-25 02:00:00
5.617416101481032,2568869893.1616225,141052195.6227811,2022-05-26 02:00:00
4.975035292927397,2272151482.0193634,175348015.58136055,2022-05-27 02:00:00
4.674746833242666,2128185856.602611,181374274.08139843,2022-05-28 02:00:00
4.994720792959564,2285350463.027301,102210398.18530162,2022-05-29 02:00:00
4.947217052644926,2257235918.9402194,92444516.51259902,2022-05-30 02:00:00
5.646552310207259,2577478218.438251,150485459.08361638,2022-05-31 02:00:00
5.6982071980594755,2608012124.7952547,143079299.72859225,2022-06-01 02:00:00
5.163742402199935,2366107700.3767233,138342965.54125816,2022-06-02 02:00:00
5.314722540022476,2430594073.346453,110774955.14161678,2022-06-03 02:00:00
5.072534909335424,2311317081.659861,88557850.55571747,2022-06-04 02:00:00
5.130145770737965,2331778655.2070765,80433276.65345566,2022-06-05 02:00:00
5.095311658443449,2326013451.6792603,79836168.00690593,2022-06-06 02:00:00
5.374565248327553,2430474809.7473936,109534290.27984285,2022-06-07 02:00:00
5.258954948632062,2407250762.423074,143877951.66164538,2022-06-08 02:00:00
5.077872757592375,2320764184.896532,111655416.75302458,2022-06-09 02:00:00
5.201505099547337,2378244367.9540763,88900079.86794302,2022-06-10 02:00:00
4.814774973245526,2194354193.3117547,96818301.65469491,2022-06-11 02:00:00
4.366809131474856,1993951073.4803374,102739259.53982706,2022-06-12 02:00:00
4.11755474633016,1897060921.795877,105134092.76852797,2022-06-13 02:00:00
3.6055288524294844,1635283476.774644,161572713.91440386,2022-06-14 02:00:00
3.9019400542929983,1781552368.258051,123495616.89617488,2022-06-15 02:00:00
4.3915074738203534,2005655089.0543613,162579356.7088333,2022-06-16 02:00:00
3.8332233006204928,1741778375.6754208,124639922.9546837,2022-06-17 02:00:00
3.949137577237492,1811446896.8442,85862926.30287446,2022-06-18 02:00:00
3.650215234803636,1665428166.3442647,118449601.07982692,2022-06-19 02:00:00
4.174484368010058,1907863859.528442,119436136.61716111,2022-06-20 02:00:00
4.312163531249892,1957253572.1901767,125206165.09847249,2022-06-21 02:00:00
4.74920664818641,2169119974.8405356,176542889.57881597,2022-06-22 02:00:00
5.017461831440449,2290499197.9077144,247997409.92539543,2022-06-23 02:00:00
5.24118035847053,2400661673.2676373,180146594.55220667,2022-06-23 20:49:03
